Edo,Lon,Lat,Clave,Est,Tmax,Tmin,Tmed
GRO,-102.68,22.0,CDRAG,La Codorniz Ags.,24.51612903,7.112903226,15.81451613
AGS,-102.79,21.81,MNLAG,Media Luna Ags.,25.51612903,3.483870968,14.5
SON,-102.37,21.78,NGRAG,El Niagara Ags.,24.30645161,3.741935484,14.02419355
CHIS,-102.31,21.9,AGSAG,Aguascalientes Ags.,23.46774194,6.403225806,14.93548387
CAMP,-102.0,21.9,CNSAG,Los Conos Ags.,23.41935484,3.7903225810000003,13.60483871
BCS,-102.36,22.12,JCQAG,Jocoque Ags.,23.12903226,4.4193548389999995,13.77419355
SON,-102.42,22.14,PECAG,Plutarco Elías Calles Ags.,23.01612903,5.564516128999999,14.29032258
TAMPS,-102.71,21.85,CALVILLO,Calvillo Ags. SMN*,26.52258065,3.874193548,15.198387099999998
DF,-102.29,22.16,PBLAG,Pabellón Ags.,22.48387097,3.983870968,13.23387097
QROO,-102.47,22.19,ANVAG,Cincuenta Aniversario Ags.,22.72258065,5.422580645,14.07258065
CHIH,-102.44,22.24,PTRAG,Derivadora Pabellón Ags.,22.08064516,5.064516128999999,13.57258065
GRO,-102.3,22.36,CSOAG,Cosío Ags.,18.08064516,0.790322581,9.435483871
JAL,-102.29,21.85,76571,AGUASCALIENTES,22.94193548,,
VER,-102.29,21.85,OBSAG,Observatorio de Aguascalientes Ags.,24.07741935,5.716129032,14.89677419
COL,-115.19,32.41,76040,EJIDO NVO. LEÓN,21.80714286,,
CHIS,-114.72,29.73,CATAVINA,Cataviña B.C. SMN*,19.32333333,8.65,13.98666667
MOR,-111.35,26.01,76304,LORETO (AUTOMATICA),25.73793103,,
DGO,-111.35,26.02,76305,LORETO,25.61724138,,
BC,-110.32,24.12,76405,LA PAZ,25.58333333,14.61,20.09666667
SON,-111.35,26.01,BLORETO,Bahía de Loreto B.C.S. SMN*,24.80967742,13.18709677,18.998387100000002
JAL,-109.92,22.89,SLUBS,Cabo San Lucas B.C.S. SMN*,27.248387100000006,18.13548387,22.69193548
GTO,-110.22,23.45,TODOSLOSSANTOS,Todos los Santos B.C.S. SMN*,25.45483871,15.43548387,20.44516129
SON,-112.25,27.28,76253,STA. ROSALIA,19.875,13.52083333,16.69791667
CHIH,-111.65,25.01,76402,CD. CONSTITUCIÓN,27.42903226,8.54516129,17.98709677
VER,-90.11,20.18,HECCA,Hecelchakán Camp.,31.451612899999997,19.03225806,25.24193548
BCS,-90.72,19.36,CHMCA,Champotón Camp.,29.296296299999998,17.37037037,23.33333333
BCS,-90.58,19.3,CANCA,Canasayab Camp.,29.61290323,16.5483871,23.08064516
COL,-91.18,18.97,SBNCA,Sabancuy Camp.,27.37931034,17.48275862,22.43103448
SLP,-91.76,18.65,CARCA,El Carmen Camp.,28.68181818,21.31818182,25.0
SIN,-90.74,18.6,ESCCA,Escárcega Camp.,27.703703700000002,18.25925926,22.98148148
YUC,-92.09,18.25,PLZCA,Palizada Camp.,28.22580645,18.25806452,23.24193548
COAH,-91.05,18.18,CNDCA,Candelaria Camp.,29.51612903,17.22580645,23.37096774
NL,-89.89,18.36,CALCA,Calakmul Camp. SMN*,28.86,17.32333333,23.09166667
MICH,-89.74,20.0,BOLCA,Bolonchen Camp.,29.34482759,17.53448276,23.43965517
CHIH,-90.54,19.84,CMPCA,Campeche Camp.,28.07142857,17.46428571,22.76785714
VER,-90.5,19.83,76695,CAMPECHE,29.4,17.34814815,23.37407407
COAH,-89.4,18.5,XPJCA,Xpujil Camp.,29.16666667,17.96666667,23.56666667
YUC,-89.85,19.75,HPOCA,Hopelchen Camp.,29.7,15.23333333,22.46666667
PUE,-90.51,19.84,COBCA,Observatorio de Campeche Camp.,29.45555556,17.37777778,23.41666667
OAX,-90.22,19.61,NYXCA,Noh-Yaxché Camp.,31.33333333,15.76666667,23.55
SLP,-89.89,18.09,CALAKMUL,Calakmul Camp. SMN*,29.13225806,15.32580645,22.22903226
OAX,-89.86,19.66,XCPCA,Xcupil Camp.,30.80645161,14.77419355,22.79032258
COAH,-105.16,26.74,VICCH,Villa Coronado Chih.,22.38709677,,
CHIS,-108.09,29.25,C08219,Peñitas,13.06451613,-7.161290322999999,2.951612903
ZAC,-108.52,28.15,C08182,Moris,24.16129032,2.032258065,13.09677419
TAMPS,-106.22,27.45,BOCADELRIO,Boca del Río Chih. SGT*,22.03935484,2.209032258,12.12419355
BCS,-107.7,28.76,C08243,Tejolocachi,16.93548387,-4.548387097,6.193548387000001
TAMPS,-106.03,28.67,76226,CHIHUAHUA (AUTOMATICA),20.41333333,,
NAY,-105.96,28.77,C08270,La Mesa,20.35483871,1.35483871,10.85483871
TLAX,-107.97,26.94,TBRSI,San Francisco Chih.,30.06451613,7.641935483999999,18.85322581
MEX,-107.92,27.22,URICH,Urique Chih. SMN*,26.26774194,11.56774194,18.91774194
COAH,-105.63,28.17,FIMCH,Francisco I. Madero Chih.,20.7,,
HGO,-108.54,27.42,CNDCH,Chínipas Chih.,24.79032258,6.74516129,15.76774194
CHIS,-105.67,26.92,76323,HGO. DEL PARRAL,21.38709677,3.874193548,12.63064516
YUC,-106.13,28.67,76225,CHIHUAHUA,20.07096774,3.293548387,11.68225806
VER,-107.91,27.22,URECH,Urique Chih.,27.66774194,9.206451612999999,18.43709677
TAB,-107.26,28.77,BACCH,Bachíniva Chih.,16.80645161,-1.548387097,7.629032258
ZAC,-107.93,30.38,CAGCH,Casas Grandes Chih.,16.53870968,-0.380645161,8.079032258
MICH,-107.03,29.88,LJSCH,Las Lajas Chih.,14.4516129,-0.9032258059999999,6.7741935479999995
GTO,-104.41,29.56,OJNCH,Ojinaga Chih.,19.61290323,2.016129032,10.81451613
GTO,-107.38,29.56,TNTCH,El Tintero Chih.,17.74193548,-0.322580645,8.709677419
MOR,-107.93,30.42,76122,NUEVO CASAS GRANDES,16.53870968,-0.329032258,8.10483871
SIN,-105.28,28.98,LLNCH,Ing. Luis L. León Chih.,21.13333333,,
VER,-107.85,28.95,TMCCH,Temósachic Chih.,18.0516129,-4.032258065,7.009677419
GTO,-106.09,28.66,QIJCH,Observatorio de Chihuahua Chih.,20.42580645,3.438709677,11.93225806
GTO,-107.48,28.48,AGZCH,Abraham González Chih.,17.0,-3.333333333,6.833333333
VER,-105.45,28.21,CDLCH,Ciudad Delicias Chih.,19.96666667,,
GRO,-105.41,27.54,LBQCH,La Boquilla Chih.,21.2,,
JAL,-108.3,29.2,GPCCH,Guapoca Chih.,18.59032258,,
GTO,-106.48,28.8,C08099,Majalca,15.09677419,-2.483870968,6.306451612999999
SIN,-108.21,28.21,BSSCH,Basaseachi Chih.,17.03870968,-2.312903226,7.362903226
GTO,-92.26,14.91,TAPCP,Tapachula Chis.,34.47741935,22.31612903,28.39677419
MEX,-93.15,16.64,BOQCP,Boquerón Chis.,31.48387097,16.58064516,24.03225806
OAX,-92.63,16.73,SCOCP,Observatorio de San Cristóbal Chis.,21.67333333,7.493333333,14.58333333
BCS,-93.13,16.75,TXOCP,Observatorio de Tuxtla Gutiérrez Chis.,29.88064516,17.55806452,23.71935484
COAH,-93.1,16.94,CHICP,Manuel Moreno Torres Chis.,29.0,17.96666667,23.48333333
OAX,-93.12,16.98,GRICP,Grijalva Chis.,30.37096774,16.01612903,23.19354839
SON,-93.33,17.12,YAMCP,Yamonhó Chis.,27.21428571,15.92857143,21.57142857
DF,-93.01,17.25,TAPILULA,Tapilula Chis. SGT*,24.07416667,15.44541667,19.75979167
DF,-92.8,16.55,ACACP,Acala Chis.,30.46774194,15.58064516,23.02419355
VER,-92.35,17.57,SAACP,Salto de Agua Chis.,27.5,18.26785714,22.88392857
PUE,-93.1,16.76,TUXCP,Tuxtla Oriente Chis.,28.51612903,,
MICH,-92.78,16.4,ANGCP,Doctor Belisario Domínguez Chis.,32.25806452,16.70967742,24.48387097
TAMPS,-92.24,15.78,SMICP,San Miguel Chis.,33.38709677,13.83870968,23.61290323
GRO,-93.9,16.24,AROCP,Arriaga Chis.,34.51935484,21.71290323,28.11612903
VER,-93.08,16.16,REVCP,Revolución Mexicana Chis.,29.20967742,14.74193548,21.97580645
GTO,-92.67,15.92,REFCP,Reforma Chis.,31.0,13.87096774,22.43548387
OAX,-93.53,15.88,TPICP,Tres Picos Chis.,37.72580645,,
BCS,-91.97,15.85,PCOCP,Puente Concordia Chis.,29.72580645,13.90322581,21.81451613
ZAC,-93.06,16.45,SDOCP,Santo Domingo Chis.,30.81666667,16.08333333,23.45
BCS,-92.28,15.75,CHMCP,Chicomuselo Chis.,32.02333333,,
BCS,-93.22,15.69,PIJCP,Pijijiapan Chis.,36.40322581,,
CAMP,-92.88,15.45,MAPCP,Mapastepec Chis.,32.04838710000001,,
QROO,-92.72,15.35,CACCP,Cacaluta Chis.,33.77419355,,
CHIH,-92.67,15.32,ESCCP,Escuintla Chis.,35.0,,
CHIS,-92.47,15.13,HUICP,Huixtla Chis.,35.54838710000001,,
CHIS,-92.48,16.31,CASCP,Cascajal Chis.,30.74193548,,
CHIS,-92.18,14.63,ILRAYON,Ignacio López Rayón Chis. SGT*,31.53225806,21.13870968,26.33548387
COAH,-93.46,17.45,PENCP,Ángel Albino Corzo Chis.,27.41304348,19.26086957,23.33695652
DGO,-92.62,16.74,SCRCP,Puente Morelos Chis.,20.96666667,6.3,13.63333333
HGO,-93.19,17.61,JUAREZ,Juárez Chis. Protección Civil*,28.18076923,19.09615385,23.63846154
JAL,-93.13,16.75,76843,TUXTLA GUTIÉRREZ,29.91290323,17.51935484,23.71612903
NL,-92.97,15.73,CUXTEPEQUES,Finca Cuxtepeques Chis. SGT*,27.38387097,13.25483871,20.31935484
OAX,-92.91,17.0,BOCHIL,Bochil Chis. SGT*,25.27741935,10.35806452,17.81774194
OAX,-93.63,16.49,NVAPALESTINA,Nueva Palestina Chis. SGT*,30.54193548,15.28064516,22.91129032
PUE,-93.56,16.69,LASFLORESII,Las Flores Dos Chis. SGT*,29.63333333,15.15,22.39166667
PUE,-91.71,16.38,CHAYABE,Finca Chayabé Chis. SGT*,21.71071429,11.95,16.83035714
QROO,-93.25,16.25,VILLAFLORES,Villaflores Chis. SGT*,31.15806452,13.80322581,22.48064516
SLP,-92.13,16.23,76848,COMITAN,23.71290323,11.77096774,17.74193548
SON,-92.63,16.73,76845,SAN CBAL. DE LAS CASAS,21.67333333,7.5933333329999995,14.63333333
SON,-93.9,16.24,76840,ARRIAGA,34.46451613,21.71290323,28.08870968
SON,-92.32,15.56,SILTEPEC,Siltepec Chis. SGT*,26.31071429,15.16428571,20.7375
TAMPS,-92.47,15.15,HUIXTLA,Huixtla Chis. SGT*,38.2516129,20.76451613,29.50806452
TAMPS,-92.3,15.12,ARGOVIA,Finca Argovia Chis. SGT*,29.79354839,17.13548387,23.46451613
TAMPS,-92.27,15.33,MOTOZINTLA,Motozintla Chis. SGT*,21.68965517,10.9,16.29482759
CHIS,-92.15,15.09,VTACANA,Volcán Tacaná Chis. SMN*,26.08064516,14.61290323,20.34677419
AGS,-92.48,15.97,CATARINITAS,Catarinitas Chis. SGT*,31.55483871,17.09032258,24.32258065
AGS,-91.73,16.91,YAQUINTELA,Yaquintela Chis. SGT*,26.70689655,15.1,20.90344828
AGS,-92.37,16.89,CANCUC,Cancuc Chis. SGT*,22.54846154,,
AGS,-92.05,16.12,ZAPALUTA,Zapaluta Chis. SGT*,22.66129032,11.29032258,16.97580645
AGS,-101.02,25.38,76390,SALTILLO,20.72580645,6.0709677420000006,13.398387099999999
AGS,-101.42,26.91,76342,MONCLOVA,21.05517241,8.34137931,14.69827586
AGS,-102.06,26.98,CCGCL,Cuatro Ciénegas Coah.,22.72413793,5.620689655,14.17241379
AGS,-100.66,26.84,CDLCL,Candela Coah.,20.40740741,,
AGS,-101.0,27.42,PRSCL,Progreso Coah.,20.10344828,4.310344828,12.20689655
AGS,-102.98,25.76,SPECL,San Pedro Coah.,23.59677419,5.451612902999999,14.52419355
AGS,-103.45,25.54,TORCL,Observatorio de Torreón Coah.,24.22258065,,
AGS,-101.02,25.38,STOCL,Saltillo Coah.,19.34482759,7.551724137999999,13.44827586
AGS,-101.42,26.91,MCVCL,Monclova Coah.,21.1862069,8.313793103,14.75
BC,-100.62,27.52,VCRCL,Venustiano Carranza Coah.,19.64285714,5.964285714,12.80357143
CAMP,-103.45,25.53,76382,TORREON,24.01935484,,
CAMP,-100.52,28.7,76243,PIEDRAS NEGRAS,18.89333333,6.736666667000001,12.815
CAMP,-100.9,29.03,ZPTCL,Zapata Coah.,17.4,4.633333333,11.01666667
CAMP,-100.95,29.21,CNTCL,El Centenario Coah.,17.88888889,4.666666667,11.27777778
CAMP,-100.92,25.44,ESLCL,E. C. Saltillo Coah.,19.32758621,6.379310345,12.85344828
CAMP,-101.12,29.15,CBRCL,Cabeceras Coah.,18.38461538,,
CAMP,-101.02,25.38,SALCL,Observatorio de Saltillo Coah.,20.46129032,6.438709677,13.45
CAMP,-100.95,29.33,CDACL,Ciudad Acuña Coah.,19.48148148,4.814814815,12.14814815
CAMP,-101.06,29.45,AMSCL,Internacional La Amistad Coah.,18.17857143,5.607142857,11.89285714
CAMP,-100.53,28.71,PNGCL,Piedras Negras Coah.,19.93333333,6.911111111,13.42222222
CAMP,-103.72,19.24,76658,COLIMA,32.27666667,,
CAMP,-103.73,19.22,LPSCM,La Posta Col.,33.20967742,17.37096774,25.29032258
CAMP,-104.33,19.07,76654,MANZANILLO,31.50322581,22.77096774,27.13709677
CAMP,-103.72,18.75,CDOCM,Cerro de Ortega Col.,33.66129032,18.32258065,25.99193548
CAMP,-104.32,19.04,MNZCM,Manzanillo Col.,31.49677419,22.73870968,27.11774194
CHIH,-103.88,19.11,DJLCM,Derivadora Jala Col.,32.59677419,16.75806452,24.67741935
CHIH,-103.77,18.81,LDACM,Laguna de Amela Col.,32.28333333,18.43333333,25.35833333
CHIH,-103.73,19.22,RDRCM,Radar Col.,34.12903226,19.96774194,27.048387100000003
CHIH,-103.61,19.25,BVSCM,Buena Vista Col.,32.69354839,15.5483871,24.12096774
CHIH,-99.07,19.47,SJADF,San Juan de Aragón Cd. de Méx.,23.64516129,6.661290322999999,15.15322581
CHIH,-99.17,19.45,CBIDF,Escuela Nacional de Ciencias Biológicas IPN Cd. de Méx. SMN*,22.25483871,9.119354839,15.68709677
CHIH,-99.2,19.3,DATDF,Desviación Alta Cd. de Méx.,22.93548387,8.806451613,15.87096774
CHIH,-99.2,19.5,CCH A,CCH Azcapotzalco,22.68709677,7.470967742000001,15.07903226
CHIH,-99.13,19.48,ENP 9,Pedro de Alva,22.63870968,9.874193548,16.25645161
CHIH,-99.14,19.52,CEADF,Campamento Amealco Cd. de Méx.,23.75806452,6.564516128999999,15.16129032
CHIH,-99.09,19.48,GCNDF,km 6+250 del Gran Canal Cd. de Méx.,21.69354839,4.806451613,13.25
CHIH,-99.13,19.42,ENP 7,Ezequiel A. Chavez,22.8516129,9.919354839,16.38548387
CHIH,-99.16,19.35,ENP 6,Antonio Caso,22.82580645,8.906451613,15.86612903
CHIH,-99.2,19.31,CCH S,CCH Sur,21.951612899999997,7.474193548,14.71290323
CHIH,-99.18,19.33,CCA ,Centro de Ciencias de la Atmósfera,22.18333333,7.625,14.90416667
CHIH,-99.2,19.4,76680,CENTRAL TACUBAYA,23.07096774,8.629032257999999,15.85
CHIH,-99.2,19.4,ENP 4,Vidal castañeda y N.,22.17419355,9.622580645,15.898387099999999
CHIH,-99.1,19.48,ENP 3,Justo Sierra,23.53225806,8.716129032000001,16.12419355
CHIS,-99.12,19.27,ENP 1,Gabino Barreda,22.1483871,7.8516129029999995,15.0
CHIS,-99.06,19.38,CCH O,CCH Oriente,22.57741935,8.196774194,15.38709677
CHIS,-104.6,24.09,76423,DURANGO,24.24516129,4.635483871,14.44032258
CHIS,-104.66,24.2,PAGDR,Peña del Águila Dgo.,22.0,-0.225806452,10.88709677
CHIS,-105.5,26.44,VILLAOCAMPO,Villa Ocampo Dgo. SMN*,21.83870968,-0.403225806,10.71774194
CHIS,-103.35,24.47,SCLDR,Santa Clara Dgo.,22.90322581,0.774193548,11.83870968
CHIS,-104.12,26.52,CEBDR,Ceballos Dgo.,23.87096774,1.0,12.43548387
CHIS,-103.52,25.53,CLRDR,Ciudad Lerdo Dgo.,21.16129032,7.096774194,14.12903226
CHIS,-105.25,25.5,GESDR,General Escobedo Dgo.,19.41935484,,
CHIS,-103.28,25.07,LFLDR,La Flor Coah.,25.72580645,,
CHIS,-104.75,23.96,GVHDR,Guadalupe Victoria Dgo.,19.83870968,4.6290322580000005,12.23387097
CHIS,-103.77,25.27,FZRDR,Francisco Zarco Dgo.,21.548387100000003,7.870967742,14.70967742
CHIS,-104.07,25.26,AM2DR,Agustín Melgar Dgo. SMN*,25.46774194,1.251612903,13.35967742
CHIS,-105.44,25.22,SACDR,Salomé Acosta Dgo.,23.12903226,1.822580645,12.47580645
CHIS,-105.42,25.04,SPPDR,Santiago Papasquiaro Dgo.,25.93548387,,
CHIS,-104.81,24.54,CBRDR,Caboraca Dgo.,18.40322581,0.935483871,9.669354839
CHIS,-104.75,24.5,CNTDR,Canatlán Dgo.,23.25806452,2.129032258,12.69354839
CHIS,-104.67,24.03,DRGDR,Durango Dgo.,24.51612903,4.619354839,14.56774194
CHIS,-103.96,24.0,FVLDR,Francisco Villa Dgo.,25.35483871,3.419354839,14.38709677
CHIS,-104.75,23.96,GVCDR,Presidente Guadalupe Victoria Dgo.,19.83870968,4.6290322580000005,12.23387097
CHIS,-103.98,23.74,VGCDR,Vicente Guerrero Dgo.,22.80645161,1.7903225809999999,12.2983871
CHIS,-105.05,23.9,NAVDR,Navios Viejos Dgo.,19.80645161,,
CHIS,-103.44,26.11,THODR,Tlahualilo Dgo.,22.41935484,4.258064516,13.33870968
CHIS,-104.93,26.24,VHGDR,Villa Hidalgo Dgo.,21.61290323,1.0806451609999999,11.34677419
CHIS,-99.98,17.79,TLAGR,Tlacotepec Gro.,19.64516129,8.290322581,13.96774194
CHIS,-98.43,16.68,OMEGR,Ometepec Gro.,26.03225806,15.0,20.51612903
COAH,-99.55,18.35,IGLGR,Iguala Gro.,32.18709677,15.48709677,23.83709677
COAH,-100.66,18.36,CALGR,Ciudad Altamirano Gro.,34.37096774,16.59677419,25.48387097
COAH,-100.27,18.38,VGRGR,Vicente Guerrero Gro.,36.58064516,14.33870968,25.45967742
COAH,-99.4,18.46,BVSGR,Buena Vista Gro.,28.29032258,12.12903226,20.20967742
COAH,-98.74,17.78,OLNGR,Olinala Gro.,37.12903226,11.12903226,24.12903226
COAH,-99.7,17.67,CCHGR,Chichihualco Gro.,31.61290323,10.80645161,21.20967742
COAH,-99.18,17.61,CHLGR,Chilapa Gro.,27.38709677,10.25806452,18.82258065
COAH,-98.49,17.9,XXHGR,Xochihuehuetlán Gro.,33.67741935,10.48387097,22.08064516
COAH,-99.5,17.6,ODZGR,Observatorio de Zumpango Gro.,28.22580645,14.51612903,21.37096774
COAH,-98.6,17.5,TLPGR,Tlapa Gro.,30.58064516,12.5483871,21.56451613
COAH,-99.53,17.17,TCOGR,Tierra Colorada Gro.,33.22580645,18.70967742,25.96774194
COAH,-100.47,17.14,SJEGR,San Jerónimo Gro.,32.0,21.48387097,26.74193548
COAH,-100.66,18.35,CA2GR,Ciudad Altamirano Gro. SMN*,37.20322581,22.39677419,29.8
COAH,-99.1,16.95,AYUGR,Ayutla Gro.,33.59677419,16.83870968,25.21774194
COL,-99.8,16.8,ODAGR,Observatorio de Acapulco Gro.,33.29677419,21.64193548,27.46935484
COL,-99.75,16.76,ACUGR,Acapulco Gro. SMN*,33.2,18.80967742,26.00483871
COL,-99.52,17.58,AERGR,Aeropuerto de Chilpancingo Gro.,29.74,,
COL,-99.5,17.55,CHIGR,Chilpancingo Gro.,29.01612903,11.75806452,20.38709677
COL,-99.75,16.76,76805,ACAPULCO,33.27741935,21.60645161,27.44193548
COL,-99.6,18.55,TAXCO,Taxco Gro. SGT*,24.46774194,13.72580645,19.09677419
DF,-99.5,17.55,76762,CHILPANCINGO,29.65333333,,
DF,-98.84,17.41,CRUCERODEL,Crucero de L. Gro. Protección Civil*,19.47666667,,
DF,-99.93,17.6,YXTGR,Yextla Gro.,24.548387100000003,10.19354839,17.37096774
DF,-98.5,16.66,QTZGR,Quetzala Gro.,32.77419355,17.77419355,25.27419355
DGO,-101.07,20.3,SRTGJ,Santa Rita Gto.,25.27419355,6.209677419,15.74193548
DGO,-101.07,20.29,LDYGJ,Laguna de Yuriria Gto.,24.06451613,5.741935484,14.90322581
DGO,-100.75,20.28,TARGJ,Tarimoro Gto.,25.58064516,6.887096774,16.23387097
DGO,-101.36,20.28,LJIGJ,Las Jícamas Gto.,25.451612899999997,7.7741935479999995,16.61290323
DGO,-100.88,20.21,SLVGJ,Salvatierra Gto.,26.06451613,6.629032258,16.34677419
DGO,-101.67,21.1,LENGJ,León Gto.,25.46774194,10.11290323,17.79032258
DGO,-101.18,20.39,VDSGJ,Valle de Santiago Gto.,23.32258065,6.677419355,15.0
DGO,-100.67,20.05,SLSGJ,Solís Gto.,24.77419355,7.806451612999999,16.29032258
DGO,-100.72,20.03,ACNGJ,Acámbaro Gto.,24.61290323,7.741935484,16.17741935
DGO,-100.83,20.85,IALGJ,Ignacio Allende Gto.,24.74193548,6.112903226,15.42741935
DGO,-101.29,21.01,76577,GUANAJUATO,22.47777778,8.0,15.23888889
DGO,-100.9,20.28,ECBGJ,El Cubo Gto.,25.40322581,5.0806451610000005,15.24193548
DGO,-100.52,20.13,JCRGJ,Jerécuaro Gto.,24.46774194,4.709677419,14.58870968
DGO,-101.52,20.43,ABSGJ,Abasolo Gto.,25.451612899999997,9.564516129,17.50806452
GRO,-101.29,20.87,PRSGJ,La Purísima Gto.,25.0,8.290322581,16.64516129
GRO,-101.74,20.44,GLNGJ,La Golondrina Gto.,23.19354839,9.838709677,16.51612903
GRO,-100.62,20.45,APSGJ,Apaseo el Alto Gto.,25.33870968,8.451612903,16.89516129
GRO,-100.95,20.48,CRTGJ,Cortázar Gto.,25.70967742,7.387096774,16.5483871
GRO,-101.63,20.5,ATBGJ,Agua Tibia Gto.,26.12903226,5.258064516,15.69354839
GRO,-101.13,20.52,PERGJ,Pericos Gto.,24.37096774,6.483870968,15.42741935
GRO,-100.82,20.53,CLYGJ,Celaya Gto.,26.70967742,7.709677419,17.20967742
GRO,-100.68,20.53,AEGGJ,Apaseo el Grande Gto.,27.91935484,7.935483871000001,17.92741935
GRO,-100.58,20.55,AMCGJ,Ameche Gto.,25.85483871,6.0,15.92741935
GRO,-101.2,20.57,SLMGJ,Salamanca Gto.,25.91935484,8.0,16.95967742
GRO,-101.3,20.6,TEMGJ,Temascatío Gto.,26.27419355,9.370967742000001,17.82258065
GRO,-101.67,20.62,CRMGJ,Cuerámaro Gto.,26.61290323,9.64516129,18.12903226
GRO,-101.84,20.68,LADGJ,Las Adjuntas Gto.,24.25806452,4.516129032,14.38709677
GRO,-101.02,20.4,SJLGJ,Santa Julia Gto.,25.79032258,5.806451612999999,15.7983871
GRO,-100.9,20.95,CSRGJ,Cinco Señores Gto.,24.06451613,3.419354839,13.74193548
GRO,-101.37,20.73,ECNGJ,El Conejo Gto.,25.29032258,5.435483871000001,15.36290323
GRO,-101.83,21.05,BRRGJ,El Barrial Gto.,24.03225806,5.661290322999999,14.84677419
GRO,-100.75,20.58,SMOGJ,San Miguel Octopan Gto.,23.30645161,6.822580645,15.06451613
GRO,-101.02,20.43,SMAGJ,San Miguel de Allende Gto.,23.46774194,4.5,13.98387097
GTO,-100.5,21.22,POZGJ,Pozos Gto.,20.93548387,4.741935484,12.83870968
GTO,-101.11,21.32,LQMGJ,La Quemada Gto.,21.22580645,1.870967742,11.5483871
GTO,-100.36,20.2,CORGJ,Coroneo Gto.,23.64516129,2.516129032,13.08064516
GTO,-101.22,21.48,SFEGJ,San Felipe Gto.,19.90322581,2.596774194,11.25
GTO,-101.26,21.01,GTOGJ,Guanajuato Gto.,23.78387097,8.035483871,15.90967742
GTO,-100.87,20.38,LGVGJ,Presa la Gavia Gto.,25.29032258,4.548387097,14.91935484
GTO,-101.47,21.07,COMGJ,Comanjilla Gto.,25.5,6.193548387000001,15.84677419
GTO,-101.35,20.68,IRPGJ,Irapuato Gto.,24.33870968,8.725806452,16.53225806
GTO,-100.52,21.3,SLPGJ,San Luis de la Paz Gto.,22.11290323,2.225806452,12.16935484
GTO,-100.09,21.3,XICGJ,Xichú Gto.,26.13333333,8.483333333,17.30833333
GTO,-101.63,21.29,BARBOSA,Barbosa Gto. Protección Civil*,21.41612903,6.135483871,13.77580645
GTO,-101.67,21.2,CSTGJ,Los Castillos Gto.,25.548387100000003,7.387096774,16.46774194
GTO,-101.69,21.17,EPLGJ,El Palote Gto.,24.32258065,7.838709677000001,16.08064516
GTO,-100.93,21.15,DHGGJ,Dolores Hidalgo Gto.,28.24193548,2.274193548,15.25806452
GTO,-98.75,20.12,PCOHD,Observatorio de Pachuca Hgo.,21.91290323,5.174193548,13.54354839
GTO,-98.33,21.02,ATCHD,Atlapexco Hgo.,26.6,,
GTO,-99.5,20.66,ZMPHD,Ing. Fernando Hiriart Balderrama Hgo.,24.74333333,11.78333333,18.26333333
GTO,-98.65,20.65,ZXTHD,Zacualtipán Hgo.,21.13333333,6.266666667000001,13.7
GTO,-99.22,20.48,IXMHD,Ixmiquilpan Hgo.,23.51612903,7.806451612999999,15.66129032
GTO,-99.38,20.44,PVAHD,Vicente Aguirre Hgo.,23.64516129,6.741935484,15.19354839
GTO,-99.33,20.36,PRGHD,Javier Rojo Gómez Hgo.,23.93548387,7.322580645,15.62903226
GTO,-98.94,20.27,ACTHD,Actopan Hgo.,26.77419355,4.064516128999999,15.41935484
GTO,-99.31,19.96,PRQHD,Requena Hgo.,24.53225806,4.709677419,14.62096774
GTO,-99.36,20.16,ENDHD,Endhó Hgo.,24.77419355,6.0,15.38709677
GTO,-98.37,20.08,TLGHD,Tulancingo Hgo.,22.6,6.283870968,14.44193548
GTO,-99.65,20.37,HCPHD,Huichapan Hgo.,22.70967742,4.432258065,13.57096774
GTO,-99.22,20.24,MXQHD,Mixquiahuala Hgo.,23.41935484,5.741935484,14.58064516
GTO,-98.36,20.08,76634,TULANCINGO,22.5516129,6.0032258060000006,14.27741935
GTO,-98.13,20.14,LAGUNASGT,La Laguna Hgo. SGT*,15.648,5.6356,10.6418
GTO,-103.27,22.11,76519,COLOTLAN,23.67307692,4.4192307689999994,14.04615385
GTO,-103.39,20.71,76612,GUADALAJARA,24.24193548,,
GTO,-104.06,19.91,BBAJL,Basilio Vadillo Jal.,32.80645161,11.70967742,22.25806452
GTO,-105.13,20.0,CPEJL,Cajón de Peña Jal.,30.16129032,20.80645161,25.48387097
GTO,-103.2,20.29,LDCJL,Lago de Chapala Jal.,23.0,13.0,18.0
GTO,-102.71,20.29,JMYJL,Jamay Jal.,23.29032258,5.7354838710000005,14.51290323
GTO,-102.5,20.55,ATOTONILCOCFE,Atotonilco Jal. CFE*,25.63548387,7.067741935,16.351612900000003
GTO,-105.05,20.58,CULJL,Cuale Jal.,29.59677419,16.77419355,23.18548387
GTO,-103.23,22.33,ACHZC,Achimec Jal.,24.20967742,2.741935484,13.47580645
HGO,-103.32,20.58,TLAJL,Tlaquepaque Jal.,26.77419355,10.67741935,18.72580645
HGO,-103.37,20.67,GUAJL,Guadalajara Centro Jal.,24.41935484,10.72580645,17.57258065
HGO,-102.77,19.29,CHLMC,Constitución de Apatzingán Jal.,37.51612903,15.29032258,26.40322581
HGO,-103.46,19.73,76656,CIUDAD GUZMÁN,24.27666667,8.223333333,16.25
HGO,-103.25,22.13,CLTJL,Colotlán Jal.,25.51290323,4.106451613,14.80967742
HGO,-103.73,22.4,BCSJL,Bocas Jal.,27.17741935,2.5,14.83870968
HGO,-103.42,20.44,TLAJOMULCO,Tlajomulco Jal. SMN*,25.6,5.95483871,15.77741935
HGO,-98.91,19.63,ACOLMAN,Acolman Méx. OCAVM*,22.27,4.53,13.4
HGO,-99.05,19.63,K27MX,km 27+250 Méx.,22.0,8.032258065,15.01612903
HGO,-99.19,19.62,OBSMX,San Martín Obispo Méx.,21.24193548,7.387096774,14.31451613
HGO,-98.92,19.58,GRDMX,La Grande Méx.,22.25806452,7.258064516,14.75806452
HGO,-99.22,19.57,ARBMX,Las Arboledas Méx.,23.35483871,5.661290322999999,14.50806452
HGO,-98.86,19.64,SNLMX,San Lucas Mex.,22.0,3.193548387,12.59677419
JAL,-99.65,19.3,RECMX,Rectoría Méx.,17.97096774,6.806451612999999,12.38870968
JAL,-98.88,19.48,CHPMX,Chapingo Méx.,24.83870968,3.725806452,14.28225806
JAL,-99.18,19.74,PCGMX,Puente Colgante Méx.,21.0,2.419354839,11.70967742
JAL,-99.87,19.78,ATPMX,Atlacomulco Prepa. Méx.,19.07692308,,
JAL,-99.56,19.88,DNXMX,Danxhó Méx.,18.64516129,0.7419354840000001,9.693548387
JAL,-99.12,19.9,TTQMX,Tajo de Tequixquiac Mex.,22.19354839,1.967741935,12.08064516
JAL,-99.86,20.04,PNDMX,Ñadó Méx.,18.87096774,,
JAL,-99.7,20.05,HPNMX,Huapango Méx.,17.83870968,,
MEX,-99.74,20.12,PMNMX,El Molino Méx.,18.64516129,,
MEX,-99.42,18.99,OCUMX,Ocuilán de Arteaga Mex.,21.61290323,,
MEX,-99.24,19.47,CCH N,CCH Naucalpan,22.18709677,8.277419355,15.23225806
MEX,-99.8,19.63,SMLMX,Santa María del Llano Méx.,24.61290323,-2.290322581,11.16129032
MEX,-99.94,18.93,TESMX,Texcaltitlán Méx.,20.96153846,,
MEX,-99.8,19.33,TBRMX,Tres Barrancas Méx.,19.67307692,,
MEX,-99.3,19.7,CNPMX,La Concepción Méx.,22.32258065,2.935483871,12.62903226
MEX,-99.22,19.48,MBLMX,Molino Blanco Méx.,21.48387097,4.741935484,13.11290323
MEX,-99.96,19.66,TPTMX,San Andrés Tepetitlán Méx.,20.93548387,,
MEX,-99.78,19.46,PIRMX,Ignacio Ramírez Méx.,20.0,,
MEX,-99.73,18.93,PDZMX,Porfirio Díaz Méx.,21.38709677,5.677419355,13.53225806
MEX,-99.47,18.8,CHDMX,Colonia Hidalgo Mex.,29.83870968,16.09677419,22.96774194
MEX,-99.39,19.83,TXMHD,Taxhimay Méx.,24.61290323,2.419354839,13.51612903
MEX,-98.91,19.54,ATEMX,Atenco Méx.,22.93548387,1.741935484,12.33870968
MEX,-98.91,19.53,SADMX,San Andrés Méx.,22.38709677,4.483870968,13.43548387
MEX,-99.7,19.47,SBBMX,José Antonio Alzate Méx.,21.12903226,-1.935483871,9.596774194
MEX,-99.28,19.45,TTLMX,Totolica hidrométricas Méx.,23.70967742,7.483870968,15.59677419
MEX,-99.71,19.29,76675,TOLUCA,22.11935484,0.164516129,11.14193548
MEX,-99.63,19.29,COBMX,Observatorio del Estado de México Méx.,21.95769231,,
MEX,-98.9,19.44,TJCMX,El Tejocote Méx.,21.46153846,,
MEX,-99.74,19.59,SLBMX,San Bartolo del Llano Méx.,19.86538462,,
MEX,-98.87,19.19,SLAMX,San Luis Ameca Méx.,21.43548387,3.85483871,12.64516129
MEX,-99.24,19.53,CLYMX,Calacoaya Méx.,21.43548387,5.338709677,13.38709677
MEX,-99.24,19.45,EMOMX,El Molinito Río Hondo Méx.,24.0,-1.096774194,11.4516129
MEX,-99.28,19.45,PTLMX,Presa Totolica Méx.,21.048387100000003,2.419354839,11.73387097
MICH,-100.28,19.1,TROMX,Trojes Méx.,22.11290323,2.5,12.30645161
MICH,-99.76,19.24,SJHMX,San Juan de las Huertas Méx.,16.83870968,2.483870968,9.661290323
MICH,-99.51,19.2,CGCMX,Gerencia Conagua CODAGEM Méx.,22.82758621,,
MICH,-102.32,19.98,76662,ZAMORA,28.33870968,7.448387097,17.89354839
JAL,-101.72,20.13,ANGMC,Angamacutiro Mich. SMN*,24.19032258,,
MICH,-102.75,20.15,LPAMC,La Palma Mich.,23.67741935,9.816129032000001,16.74677419
MICH,-101.6,20.3,PORMC,Pastor Ortiz Mich.,22.58064516,4.838709677,13.70967742
MICH,-102.4,20.1,SSIMC,San Simón Mich.,26.96774194,12.29032258,19.62903226
MICH,-102.24,20.34,YURMC,Yurécuaro Mich.,25.87931034,,
MICH,-102.72,20.07,SAHMC,Sahuayo Mich.,26.0,5.435483871000001,15.71774194
MICH,-102.54,19.98,GUAMC,Guaracha Mich.,29.38709677,6.516129032,17.951612899999997
MICH,-101.18,19.7,76665,MORELIA,24.92903226,7.129032258,16.02903226
MICH,-102.46,20.21,SCRMC,San Cristóbal Mich.,25.87096774,,
MICH,-101.46,20.32,CBLMC,Casa Blanca Mich.,24.30645161,5.112903226,14.70967742
MICH,-100.45,19.97,EGIMC,El Gigante Mich.,26.69354839,4.677419355,15.68548387
MICH,-100.87,19.83,MLPMC,Malpaís Mich.,25.548387100000003,4.064516128999999,14.80645161
MICH,-100.44,19.89,MRVMC,Maravatío Mich.,26.08064516,3.516129032,14.7983871
MICH,-102.65,19.84,SJUMC,San Juanico Mich.,25.25806452,7.370967742,16.31451613
MICH,-100.55,19.7,CHIMC,Ciudad Hidalgo Mich.,22.96774194,5.112903226,14.04032258
MICH,-101.1,19.7,MCEMC,Morelia Centro Mich.,24.03225806,8.309677419,16.17096774
MICH,-101.18,19.69,MORMC,Morelia Mich.,24.40322581,7.64516129,16.02419355
MICH,-101.26,19.63,COIMC,Coíntzio Mich.,24.06129032,5.4193548389999995,14.74032258
MICH,-101.45,19.55,VJIMC,Villa Jiménez Mich.,23.59677419,2.967741935,13.28225806
MOR,-102.42,20.18,BIBMC,Barraje de Ibarra Mich.,25.22580645,5.5,15.36290323
MOR,-101.66,19.93,AMEMC,Aristeo Mercado Mich.,24.47741935,6.467741935,15.47258065
NAY,-101.93,18.92,ZICMC,Zicuirán Mich.,39.87096774,17.12903226,28.5
NAY,-102.37,19.08,APAMC,Apatzingán Mich. SMN*,34.7483871,17.71935484,26.23387097
NAY,-102.14,19.96,UREMC,Urepetiro Mich.,22.90322581,3.14516129,13.02419355
NL,-102.37,19.08,APTMC,Apatzingán Mich.,33.53225806,15.09677419,24.31451613
NL,-101.05,19.49,PDBMC,Planta de Bombeo Mich.,24.53225806,5.032258065,14.78225806
NL,-102.87,19.21,LOLMC,Los Olivos Mich.,38.09677419,14.5,26.298387100000003
NL,-98.76,18.88,OCTMR,Ocuituco Mor.,26.15483871,8.677419355,17.41612903
NL,-99.25,19.05,TRESMARIAS,Tres Marías Mor. SMN*,17.33870968,2.451612903,9.89516129
NL,-99.2,18.6,JOJMR,Jojutla Mor.,34.17741935,10.69354839,22.43548387
NL,-99.18,18.57,HIGMR,Higuerón Mor.,28.83870968,12.48387097,20.66129032
NL,-99.23,18.89,76726,CUERNAVACA,24.67037037,11.40740741,18.03888889
NL,-104.89,21.49,76556,TEPIC,28.01290323,13.72580645,20.86935484
NL,-104.89,21.49,TEPNR,Tepic Nay.,28.01290323,13.98709677,21.0
NL,-105.14,20.89,GAVNR,Gaviotas Nay.,31.88709677,16.61290323,24.25
NL,-105.39,22.47,ACAPONETA,Acaponeta Nay. SMN*,30.68387097,15.93225806,23.30806452
NL,-100.12,23.42,MYNNL,Mier y Noriega N.L.,24.29032258,7.129032258,15.70967742
NL,-100.13,27.24,ANHNL,Anáhuac N.L.,18.73076923,,
NL,-99.44,24.98,CARNL,Carmen de los Elizondo Linares N.L.,22.96428571,7.142857143,15.05357143
NL,-99.28,25.71,CCHNL,Cuchillo-Solidaridad N.L.,19.5,9.304347826,14.40217391
NL,-99.61,26.09,CRVNL,Cerralvo N.L.,19.27586207,7.0,13.13793103
NL,-99.82,24.1,ARRNL,Aramberri N.L.,23.53333333,6.1333333329999995,14.83333333
NL,-100.17,25.95,CDFNL,Ciénega de Flores N.L.,20.77586207,7.103448276,13.93965517
NL,-100.01,25.27,AL2NL,Allende Dos N. L.,20.18518519,6.444444444,13.31481481
OAX,-100.17,23.68,DARNL,Doctor Arroyo N.L.,22.87096774,6.64516129,14.75806452
OAX,-99.78,23.98,ZRGNL,Zaragoza N.L.,22.51612903,6.4193548389999995,14.46774194
OAX,-99.7,24.78,CRUNL,Crucitas N.L.,21.33928571,7.517857143,14.42857143
OAX,-100.08,24.83,GALNL,Galeana N.L.,18.19354839,5.225806452,11.70967742
OAX,-99.58,24.87,CAMNL,Camacho N.L.,23.17857143,,
OAX,-100.3,25.73,76393,MONTERREY,21.44444444,,
OAX,-99.4,24.94,CPRNL,José López Portillo N.L.,21.03846154,8.788461538,14.91346154
OAX,-99.22,24.99,PAMNL,La Pamona N.L.,24.30357143,,
OAX,-100.55,25.03,SRANL,San Rafael N.L.,21.58064516,-1.35483871,10.11290323
OAX,-100.13,25.43,LBCNL,La Boca N.L.,21.12962963,7.314814815,14.22222222
OAX,-99.53,25.5,LERNL,Las Enramadas N.L.,21.66666667,,
OAX,-100.2,25.52,ECSNL,El Cerrito N.L.,21.78571429,5.178571429,13.48214286
OAX,-100.27,25.68,MTRNL,Monterrey N.L.,21.875,8.803571429,15.33928571
OAX,-99.74,24.99,CABNL,Cabezones N.L.,21.51923077,,
OAX,-100.3,25.73,OBSNL,Observatorio de Nuevo León N.L.,22.63461538,9.296153846000001,15.96538462
PUE,-99.2,26.02,MDRNL,Madero N.L.,21.44,,
PUE,-100.27,25.8,CANNL,El Canadá N.L.,22.03846154,8.923076923,15.48076923
PUE,-95.93,17.15,ZACOX,Zacatepec Oax.,20.35416667,13.04166667,16.69791667
PUE,-96.3,17.78,VANOX,Valle Nacional Oax.,27.38461538,17.11538462,22.25
PUE,-96.53,17.43,ATEOX,Atepec Oax.,24.64516129,7.387096774,16.01612903
PUE,-95.37,16.43,EMAOX,El Marqués Oax.,33.90322581,,
PUE,-96.45,17.12,SMAOX,San Antonio Cuajimoloyas Oax.,15.25806452,2.677419355,8.967741935
PUE,-96.26,18.0,CDOOX,Miguel de la Madrid Hurtado Oax.,27.36206897,16.72413793,22.04310345
PUE,-95.7,16.01,ASTOX,Astata Oax.,34.80645161,,
PUE,-95.48,16.59,RHOOX,Río Hondo Oax.,33.16129032,18.90322581,26.03225806
PUE,-96.55,17.27,SCIOX,Ixtepeji Oax.,24.38709677,6.935483871000001,15.66129032
PUE,-96.08,18.17,PAPOX,Papaloapan Oax.,27.38461538,19.96153846,23.67307692
PUE,-96.48,15.65,76855,PUERTO ANGEL,32.84666667,,
PUE,-95.18,16.17,76833,SALINA CRUZ,31.71428571,,
PUE,-96.53,17.88,SFUOX,San Felipe Usila Oax.,25.0,15.37931034,20.18965517
PUE,-97.78,17.81,HLOOX,Observatorio de Huajuapan de León Oax.,28.53225806,6.687096774,17.60967742
PUE,-95.48,17.45,MAROX,María Lombardo Oax.,25.75,16.84615385,21.29807692
PUE,-96.73,17.07,OACOX,Oaxaca Centro Oax.,28.29032258,11.61290323,19.951612899999997
PUE,-96.7,17.0,OAOOX,Observatorio de Aeropuerto Oaxaca Oax.,28.351612899999996,9.464516129,18.90806452
PUE,-95.93,16.65,BOQOX,Boquilla 1 Oax.,34.32258065,11.19354839,22.75806452
PUE,-95.92,17.73,RMLOX,Río Manso Lalana Oax.,28.03703704,17.62962963,22.83333333
PUE,-94.82,16.58,CHIOX,Chicapa Oax.,29.82758621,21.77586207,25.80172414
PUE,-94.4,16.5,OSTOX,Ostuta Oax.,33.56666667,,
PUE,-95.6,16.42,TEQOX,Tequisistlán Oax.,34.41935484,,
PUE,-94.22,16.4,ZANOX,Zanatepec Oax.,34.91935484,,
PUE,-96.48,15.67,PTAOX,Puerto Ángel Oax.,32.99354839,21.92580645,27.45967742
PUE,-96.2,17.87,JACOX,Jacatepec Oax.,26.93333333,17.05,21.99166667
PUE,-96.41,18.23,TEMOX,Presidente Alemán Oax.,27.85185185,18.37037037,23.11111111
PUE,-98.17,19.05,76685,PUEBLA,23.58064516,5.858064516000001,14.71935484
PUE,-97.4,20.12,RNAPB,Rancho Nuevo Pue.,23.86206897,16.0,19.93103448
PUE,-98.22,19.11,SCRPB,San Cristóbal Caleras Pue.,21.83870968,3.129032258,12.48387097
PUE,-96.85,18.4,TLPPB,Tlacotepec de Díaz Pue.,25.44827586,15.34482759,20.39655172
PUE,-98.0,20.22,NECAXASGT,Necaxa Pue. SGT*,17.62625,9.900833333,13.76354167
PUE,-98.16,18.61,COAPB,Coatzingo Pue.,30.61290323,9.35483871,19.98387097
PUE,-98.06,18.28,ADOPB,Acatlán de Osorio Pue.,30.58064516,10.58064516,20.58064516
PUE,-97.01,18.33,ZOQPB,Zoquitlán Pue.,21.51612903,6.838709677000001,14.17741935
PUE,-98.57,18.11,CHSPB,Chila de la Sal Pue.,33.22580645,6.161290322999999,19.69354839
QROO,-98.26,18.2,PIXPB,Piaxtla Pue.,32.77419355,9.935483871,21.35483871
QROO,-97.68,20.51,VENPB,Venustiano Carranza Pue.,25.12903226,6.322580645,15.72580645
QROO,-98.32,19.07,CHLPB,Cholula Pue.,25.29032258,5.35483871,15.32258065
QROO,-97.93,19.06,ACJPB,Acajete Pue.,23.90322581,3.806451613,13.85483871
QROO,-98.17,19.05,PUOPB,Observatorio de Puebla Pue.,23.57419355,5.993548387000001,14.78387097
SIN,-98.2,19.02,CNAPB,Conagua Pue.,25.09677419,6.661290322999999,15.87903226
SIN,-98.23,19.01,MAYPB,Mayorazgo 21 Poniente Pue.,24.25806452,5.435483871000001,14.84677419
SIN,-97.44,18.99,CDSPB,Ciudad Serdán Pue.,21.83870968,2.903225806,12.37096774
SIN,-98.28,18.97,ECHPB,Echeverría Pue.,25.41935484,5.35483871,15.38709677
SIN,-97.25,18.92,PCRPB,Paso Carretas Pue.,19.548387100000003,3.258064516,11.40322581
SIN,-98.11,18.91,BDDPB,Manuel Ávila Camacho Pue.,22.0,3.322580645,12.66129032
SIN,-97.75,18.88,TECPB,Tecamachalco Pue.,23.22580645,4.64516129,13.93548387
SIN,-98.54,18.77,HQCPB,Huaquechula Pue.,27.70967742,9.774193548,18.74193548
SIN,-98.47,18.61,IZMPB,Izúcar de Matamoros Pue.,24.548387100000003,17.77419355,21.16129032
SIN,-98.58,18.52,CHIPB,Chietla Pue.,30.451612899999997,11.74193548,21.09677419
SIN,-97.4,18.48,TEHPB,Tehuacán Pue.,23.83870968,6.322580645,15.08064516
SIN,-98.78,18.45,TELPB,Teotlalco Pue.,34.16129032,8.129032257999999,21.14516129
SIN,-98.06,19.09,CPLPB,Capulac Pue.,21.61290323,5.741935484,13.67741935
SIN,-98.46,19.1,HJTPB,Huejotzingo Pue.,22.0,4.193548387,13.09677419
SIN,-98.15,20.03,AHUPB,Ahuazontepec Pue.,18.14516129,1.403225806,9.774193548
SIN,-97.62,19.25,QUIPB,Quimixtlán Pue.,19.5,6.85,13.175
SLP,-97.84,20.41,APAPB,Apapantilla Pue.,27.12903226,15.74193548,21.43548387
SLP,-97.88,20.39,AVCPB,Ávila Camacho Pue.,26.26666667,,
SLP,-97.83,20.18,ZRGPB,Zaragoza Pue.,19.80645161,5.032258065,12.41935484
SLP,-98.05,20.18,UDSPB,Universidad de la Sierra Pue.,18.98275862,7.689655172,13.336206900000002
SLP,-98.05,20.18,HUAPB,Huauchinango Pue.,20.0,8.517241379,14.25862069
SLP,-97.52,20.03,CTZPB,Cuetzalan Pue.,21.0,10.64516129,15.82258065
SLP,-97.79,20.0,TDRPB,Tepango de Rodríguez Pue.,22.58064516,5.483870968,14.03225806
SLP,-97.58,19.86,ZCPPB,Zacapoaxtla Pue.,17.0,6.7241379310000005,11.86206897
SLP,-97.36,19.82,TEZPB,Teziutlán Pue.,21.57692308,6.538461538,14.05769231
SLP,-98.05,19.74,CNGPB,Chignahuapan Pue.,17.59677419,1.838709677,9.717741935
SLP,-97.53,19.7,OYAPB,Oyameles Pue.,15.38709677,2.322580645,8.85483871
SLP,-97.49,19.49,TPYPB,Tepeyahualco Pue.,23.09677419,2.032258065,12.56451613
SON,-97.69,19.46,LIBPB,Libres Pue.,23.29032258,3.935483871,13.61290323
SON,-97.42,19.45,ACHPB,Alchichilca Pue.,19.76774194,0.435483871,10.1016129
SON,-97.81,19.83,TEOPB,Tetela de Ocampo Pue.,19.43333333,5.533333333,12.48333333
SON,-88.3,18.48,76750,CHETUMAL,29.92258065,18.38064516,24.1516129
SON,-89.72,19.46,DZILBACHEN,Dzilbachén Camp. SMN*,29.05666667,16.19333333,22.625
SON,-87.49,21.1,KANTUNILKIN,Kantunilkín Q. Roo. SMN*,27.96,17.93,22.945
SON,-87.47,20.13,SIAQR,"Sian Kaan 2 Q. Roo. SMN*,,
-87.47,20.13,10/01/19,16.1,31.2,SIAQR,QROO,Sian Kaan 2 Q. Roo. SMN*",31.25833333,,
SON,-86.82,21.16,CANQR,Cancún Q. Roo.,30.21785714,21.125,25.67142857
SON,-88.33,18.5,CHOQR,Chetumal Q. Roo.,30.01290323,18.29354839,24.15322581
SON,-88.04,19.58,FCRQR,Felipe Carrillo Puerto Q. Roo.,29.32,16.40333333,22.86166667
SON,-86.95,20.51,COZQR,Cozumel Q. Roo.,31.34482759,20.31034483,25.82758621
SON,-87.08,20.63,PDCQR,Playa del Carmen Q. Roo.,29.36,18.16666667,23.76333333
SON,-107.76,25.12,RAVSI,Estación Rancho Viejo Sin.,30.12903226,10.4516129,20.29032258
SON,-108.7,26.43,JORSI,Josefa Ortiz de Domínguez Sin.,28.14516129,11.79032258,19.96774194
SON,-108.01,25.9,JNASI,Jaina Sin.,28.90322581,9.35483871,19.12903226
SON,-105.85,23.09,TORSI,Las Tortugas Sin.,32.83870968,12.32258065,22.58064516
SON,-109.0,25.8,MCHSI,Los Mochis Sin.,26.16129032,12.72580645,19.44354839
SON,-107.4,24.82,CLCSI,Culiacán Sin.,27.93548387,12.11290323,20.02419355
SON,-108.09,25.47,GMCSI,Guamúchil Sin.,29.32258065,12.16129032,20.74193548
SON,-106.7,24.12,SLTSI,Ing. Aurelio Benassini Vizcaino Sin.,30.19354839,13.35483871,21.77419355
SON,-107.84,25.49,SJNSI,San Juan Sin.,30.17741935,10.43548387,20.30645161
SON,-107.47,25.03,AWSSI,Andrew Weiss Sin.,29.64516129,9.661290323,19.65322581
SON,-106.81,24.57,JLPSI,José López Portillo Sin.,29.16129032,12.91935484,21.04032258
SON,-108.47,25.72,GSVSI,Guasave Sin.,27.72580645,11.67741935,19.701612899999997
SON,-106.9,23.92,LCRSI,La Cruz Sin.,30.38709677,11.93548387,21.16129032
SON,-106.4,23.23,MZTSI,Mazatlán Sin.,27.68709677,16.49032258,22.08870968
TAB,-108.58,26.51,PMHSI,Miguel Hidalgo Sin.,28.19354839,8.629032257999999,18.41129032
TAB,-107.1,24.45,SLRSI,San Lorenzo Sin.,31.14516129,13.72580645,22.43548387
TAB,-107.16,24.81,SN2SI,Sanalona hidrométrica Sin.,31.451612899999997,7.451612902999999,19.451612899999997
TAB,-107.91,25.86,GD2SI,Bacurato hidrométrica de Gustavo Diaz Ordáz Sin.,29.35483871,11.32258065,20.33870968
TAB,-108.32,26.08,GB2SI,El Sabinal hidrométrica Sin.,27.38709677,12.35483871,19.87096774
TAB,-108.32,26.7,76311,CHOIX,29.748387100000006,8.890322581,19.31935484
TAB,-106.41,23.22,76458,MAZATLAN,27.70967742,16.46451613,22.08709677
TAB,-106.25,23.35,SQRSI,Siqueros Sin.,31.82258065,12.25806452,22.04032258
TAB,-107.44,24.63,OBSSI,Observatorio de Culiacán Sin.,29.48709677,12.41290323,20.95
TAB,-99.83,21.65,PMYSL,Pedro Montoya S.L.P.,27.44827586,,
TAB,-100.0,21.92,76581,RIO VERDE,25.73,,
TAB,-99.16,22.12,MICSL,Micos S.L.P.,23.67777778,14.25185185,18.96481481
TAB,-98.81,21.28,76585,MATLAPA,21.88095238,14.90952381,18.395238100000004
TAB,-98.77,22.0,TMISL,Tamuín S.L.P.,26.63333333,15.21851852,20.92592593
TAMPS,-101.02,22.15,SLPSL,San Luis Potosí S.L.P.,23.81666667,,
TAMPS,-99.15,21.82,TANCHACHIN,Tanchachín S.L.P. SGT*,25.41071429,14.8,20.10535714
TAMPS,-99.32,22.52,NRJSL,Naranjos S.L.P.,24.93103448,13.22758621,19.07931034
TAMPS,-98.76,21.24,TMTSL,Temamatla S.L.P.,24.45,15.39285714,19.92142857
TAMPS,-98.86,21.25,TBLSL,Tierra Blanca S.L.P.,24.37241379,15.26206897,19.81724138
TAMPS,-98.89,21.42,RQTSL,Requetemu S.L.P.,24.93214286,14.91785714,19.925
TAMPS,-98.62,21.69,SVTSL,San Vicente S.L.P.,24.81428571,14.96428571,19.88928571
TAMPS,-98.96,21.75,BLMSL,Ballesmi S.L.P.,25.6,14.63571429,20.11785714
TAMPS,-98.94,21.85,PUJSL,El Pujal S.L.P.,26.17037037,14.42592593,20.29814815
TAMPS,-99.24,21.91,GANSL,Gallinas S.L.P.,25.68518519,13.19259259,19.43888889
TAMPS,-100.0,21.93,RVDSL,Río Verde S.L.P.,26.13793103,,
TAMPS,-109.92,27.48,76258,CD. OBREGON,22.10714286,7.353571429,14.73035714
TAMPS,-110.8,27.95,76256,EMPALME,24.94516129,10.39677419,17.67096774
TAMPS,-110.93,29.08,76160,HERMOSILLO,23.28076923,,
TAMPS,-109.11,27.23,ARCSO,Adolfo Ruíz Cortínes Son.,25.5,10.9516129,18.22580645
TAMPS,-109.94,27.5,COBSO,Ciudad Obregón Son.,27.0,8.951612903,17.97580645
TAMPS,-109.37,28.98,PELIASCALLES,Presa Plutarco Elías Calles Son. SGT*,22.8,11.36,17.08
TAMPS,-109.89,27.82,AOBSO,Álvaro Obregón Son.,26.48333333,12.53333333,19.50833333
TAMPS,-110.85,27.95,GYMSO,Guaymas Son.,22.72580645,11.7516129,17.23870968
TAMPS,-110.29,30.98,CNNSO,Cananea Son.,19.21666667,3.333333333,11.275
TAMPS,-110.3,27.64,VICAM,Vícam Son. SGT*,26.375,,
TAMPS,-109.97,27.61,TAJIMAROA,Tajimaroa Son. SGT*,27.20322581,6.251612903,16.72741935
TAMPS,-110.21,27.59,TORIM,Tórim Son. SGT*,25.57096774,6.541935484,16.05645161
TAMPS,-108.92,28.37,YC2SO,Yécora Son. SMN*,18.87741935,-2.690322581,8.093548387
TAMPS,-109.21,27.66,TSOSO,Tesocoma Son.,27.048387100000003,5.709677419,16.37903226
TAMPS,-111.83,30.71,76113,ALTAR,20.86896552,6.055172413999999,13.46206897
TAMPS,-108.93,28.37,YCRSO,Yécora Son.,21.24193548,-3.431612903,8.90516129
TAMPS,-110.8,27.95,EPLSO,Empalme Son.,24.93225806,10.36774194,17.65
TAMPS,-112.85,31.87,NYNSO,Sonoyta Son.,19.451612899999997,3.548387097,11.5
TAMPS,-110.89,30.76,IMRSO,Imuris Son.,20.16,,
TAMPS,-111.73,30.72,ALTSO,Altar Son.,22.29032258,6.019354839,14.15483871
TLAX,-112.12,30.7,PTQSO,Pitiquito Son.,18.25806452,,
TLAX,-110.24,30.6,BCNSO,Bacanuchi Son.,19.83870968,-0.35483871,9.741935483999999
TLAX,-109.38,30.44,LCDSO,Lázaro Cárdenas Son.,19.55,8.15,13.85
VER,-111.45,30.39,SRSSO,Santa Rosa 2 Son.,19.16129032,4.032258065,11.59677419
VER,-108.93,30.36,BCRSO,Bacerac Son.,18.74193548,-0.580645161,9.080645161
VER,-110.95,31.32,NGLSO,Nogales Son.,18.41034483,4.451724138,11.43103448
VER,-108.96,30.21,HSHSO,Huachinera Son.,17.09677419,,
VER,-111.02,30.05,QRBSO,Querobabi Son.,23.70967742,,
VER,-110.74,29.47,CJNSO,El Cajón Son.,24.74333333,3.916666667,14.33
VER,-110.71,29.23,ORGSO,El Oregano Son.,26.548387100000003,7.64516129,17.09677419
VER,-110.73,29.21,PMOSO,Ing. Rodolfo Félix Valdés Son.,25.3,7.05,16.175
VER,-110.93,29.07,HMNSO,Hermosillo Son.,25.19354839,10.27419355,17.73387097
VER,-110.92,29.07,HM2SO,Observatorio de Hermosillo Son.,25.39677419,9.287096774,17.34193548
VER,-110.17,30.34,ARZSO,Arizpe Son.,18.38709677,0.323225806,9.35516129
VER,-111.83,28.75,BAHIAKINO,Bahía de Kino Son. SMN*,21.59677419,8.738709677000001,15.16774194
VER,-92.6,17.77,MACTB,Macuspana Tab.,27.75,18.89583333,23.32291667
VER,-91.16,17.79,SPTTB,San Pedro Tab.,29.40322581,17.58064516,23.49193548
VER,-93.38,18.0,CARTB,Cárdenas Tab.,27.14285714,19.05357143,23.09821429
VER,-92.92,17.98,EMUTB,Villahermosa Muelle Tab.,28.29583333,20.47083333,24.38333333
VER,-93.0,17.98,GONTB,González Tab.,28.03703704,18.59259259,23.31481481
VER,-93.28,18.0,SAMTB,Samaria Tab.,27.14,17.82,22.48
VER,-92.81,18.04,EPOTB,El Porvenir Tab.,27.94642857,18.46428571,23.20535714
VER,-92.88,17.85,PNVTB,Pueblo Nuevo Tab.,27.64814815,17.98148148,22.81481481
VER,-92.94,17.57,PUYTB,Puyacatengo Tab.,28.17857143,18.51785714,23.34821429
VER,-92.82,17.47,TAPTB,Tapijulapa Tab.,28.01666667,18.68333333,23.35
VER,-92.92,17.5,SJOTB,San Joaquín Tab.,28.07407407,18.44444444,23.25925926
VER,-91.48,17.43,BDCTB,Boca del Cerro Tab.,28.75,19.0,23.875
VER,-92.75,17.39,OXOTB,Oxolotán Tab.,27.875,19.0625,23.46875
VER,-93.84,18.05,BLASILLO,Blasillo Tab. SGT*,28.46785714,,
VER,-92.93,17.98,76743,VILLAHERMOSA,28.19583333,,
VER,-92.74,17.39,OXOLOTAN,Oxolotán Tab. SGT*,26.00545455,18.25,22.12772727
VER,-92.97,17.57,TEATB,Teapa Tab.,29.91666667,18.95,24.43333333
VER,-99.15,22.99,AHUALULCOTP,Ahualulco Tamps. SGT*,25.80689655,13.60689655,19.70689655
VER,-99.55,24.57,VSMTP,Victoria-San Marcos Tamps.,22.50740741,10.7037037,16.60555556
VER,-99.22,24.1,BARRETALI,Barretal Uno Tamps. SGT*,23.38214286,9.960714286,16.67142857
VER,-99.43,24.25,TOMASENO,El Tomaseño Tamps. SGT*,21.71785714,9.060714286,15.38928571
VER,-97.88,22.24,TMPTP,Tampico Tamps.,23.892,16.092,19.992
VER,-97.84,22.28,MDRTP,Madero Tamps.,23.99090909,16.12272727,20.05681818
VER,-97.52,25.83,MATTP,Matamoros Tamps.,21.86956522,10.82608696,16.34782609
VER,-97.85,22.22,76548,TAMPICO,25.928,16.055999999999997,20.991999999999997
VER,-98.29,26.08,RYATP,S-J-3-42 Reynosa Tamps.,20.30769231,8.5,14.40384615
VER,-99.15,22.99,AHLTP,Ahualulco Tamps.,25.79655172,13.22068966,19.50862069
VER,-98.75,23.73,PDMTP,Paso de Molina Tamps.,24.35357143,10.48571429,17.41964286
VER,-98.2,23.77,76499,SOTO LA MARINA,25.3137931,,
YUC,-98.21,23.77,SLMTP,Soto la Marina Tamps.,25.39655172,10.63793103,18.01724138
YUC,-98.67,23.96,VGRTP,Vicente Guerrero Tamps.,24.2,11.01785714,17.60892857
YUC,-98.9,24.05,PADTP,Padilla Tamps.,23.32068966,10.02758621,16.67413793
YUC,-99.12,24.08,BR1TP,El Barretal Uno Tamps.,23.27586207,9.965517241,16.62068966
YUC,-99.22,24.1,BRRTP,El Barretal Tamps.,22.7862069,9.306896552000001,16.04655172
YUC,-99.17,23.72,CVCTP,Observatorio de Ciudad Victoria Tamps.,23.20740741,9.259259259,16.23333333
YUC,-98.9,24.14,PILTP,Pilón Tamps.,23.72333333,9.766666667,16.745
YUC,-99.56,24.25,PJMTP,Pedro José Méndez Tamps.,21.32692308,10.05769231,15.69230769
YUC,-99.17,23.75,76491,CD. VICTORIA,22.971999999999998,10.255999999999998,16.614
YUC,-99.43,24.25,MHGTP,Miguel Hidalgo Tamps.,21.72857143,8.825,15.27678571
YUC,-97.8,25.7,VHMTP,Valle Hermoso Tamps.,21.0,10.44444444,15.72222222
YUC,-98.6,26.24,CDOTP,S-J-2-18 Ciudad Díaz Ordaz Tamps.,20.72,9.16,14.94
YUC,-98.93,26.2,MRGTP,Marte R. Gómez Tamps.,20.03846154,8.576923077,14.30769231
YUC,-98.88,26.17,RYNTP,S-J-2-9 Reynosa Tamps.,20.36,,
YUC,-99.58,24.18,PVLTP,Puerto de Valles Tamps.,19.56296296,6.725925926,13.14444444
ZAC,-99.08,23.38,ENNTP,La Encantada Tamps.,22.18,10.52666667,16.35333333
ZAC,-97.93,22.39,BALTP,Bombas Altamira Tamps.,25.45,15.24642857,20.34821429
ZAC,-99.12,24.08,BARRETALII,Barretal Dos Tamps. SGT*,22.84285714,9.460714286,16.15178571
ZAC,-98.42,22.42,TMSTP,Tamesí Tamps.,26.15714286,14.30714286,20.23214286
ZAC,-99.19,23.73,CVTTP,Ciudad Victoria Tamps.,23.66666667,10.37037037,17.01851852
ZAC,-98.69,22.6,ERCTP,Estudiante Ramiro Caballero Dorantes Tamps.,25.6862069,14.23103448,19.95862069
ZAC,-97.99,23.26,RSPTP,República Española Tamps.,23.93846154,12.85,18.39423077
ZAC,-98.79,23.08,SGBTP,San Gabriel Tamps.,25.11034483,12.24137931,18.67586207
ZAC,-98.71,22.8,MGSTP,Magiscatzín Dos Tamps.,26.05862069,13.02413793,19.54137931
ZAC,-97.77,23.05,BTORDO,Barra del Tordo Tamps. SMN*,22.24090909,14.64090909,18.44090909
ZAC,-99.09,23.02,SBNTP,Sabinas Tamps.,26.24482759,12.60689655,19.42586207
ZAC,-99.12,22.83,LSRTP,La Servilleta Tamps.,26.586206899999997,13.59310345,20.08965517
ZAC,-99.0,22.85,RFRTP,Río Frío Tamps.,27.27931034,13.50344828,20.39137931
ZAC,-98.79,22.94,SLZTP,Lic. Emilio Portes Gil Tamps.,25.2,14.04827586,19.62413793
ZAC,-98.69,25.12,CANDIDOAG,Cándido Aguilar Tamps. SGT*,23.00357143,9.096428571,16.05
ZAC,-97.91,19.2,ZITTL,Zitlaltepec Tlax.,21.06666667,2.8,11.93333333
ZAC,-97.77,19.3,CUATL,Cuapiaxtla Tlax.,22.0,1.967741935,11.98387097
ZAC,-97.65,19.32,ECTTL,El Carmen Tequexquitla Tlax.,21.12903226,,
ZAC,-98.24,19.31,76683,TLAXCALA,23.13870968,4.1,13.61935484
ZAC,-95.45,18.23,LCEVC,La Ceibilla Ver.,28.7,,
ZAC,-95.52,18.63,NLTVC,Naranjal Lerdo de Tejada Ver.,26.69230769,17.84615385,22.26923077
ZAC,-96.9,19.51,76687,JALAPA,20.85,10.025,15.4375
ZAC,-96.97,19.55,OTIVC,Otilpan Ver.,18.75,9.25,14.0
MICH,-96.97,19.45,TAPVC,Tapachapan Ver.,20.43478261,10.56521739,15.5
MICH,-95.03,18.52,SONVC,Sontecomapan Ver.,25.27777778,14.74074074,20.00925926
MICH,-96.14,19.04,PDTVC,Paso del Toro Ver.,26.76190476,20.23809524,23.5
VER,-96.65,19.32,CRRVC,Carrizal Ver.,26.96774194,16.98387097,21.97580645
DGO,-97.1,18.85,76737,ORIZABA,21.76666667,11.32592593,16.5462963
CHIS,-96.7,19.43,CEGVC,Cerro Gordo Ver.,23.4137931,,
YUC,-96.94,19.59,BANVC,Banderillas Ver.,18.32258065,7.612903226,12.96774194
NL,-94.16,17.57,TMOVC,Tierra Morada Ver.,26.42857143,18.05357143,22.24107143
DF,-96.14,19.16,76692,VERACRUZ,26.74642857,19.12857143,22.9375
OAX,-96.95,19.23,TOTVC,Totutla Ver.,21.14814815,9.444444444,15.296296300000002
GRO,-94.51,18.19,76741,COATZACOALCOS,27.03666667,19.48333333,23.26
VER,-97.23,18.92,LGRVC,Loma Grande Ver.,20.19354839,2.451612903,11.32258065
CHIS,-98.27,21.16,HLSVC,Los Hules Ver.,25.12857143,14.08571429,19.60714286
CHIS,-96.93,19.48,BRIVC,Briones Ver.,18.09333333,7.516666667000001,12.805
DF,-96.59,19.5,ACTVC,Actopan Ver.,27.32142857,19.25,23.28571429
DF,-96.92,19.53,XOBVC,Observatorio de Xalapa Ver.,21.04642857,10.39285714,15.71964286
DGO,-96.85,19.55,XCFVC,Xalapa CFE Ver.,19.75925926,10.33333333,15.046296300000002
MEX,-97.02,19.6,JOYVC,La Joya Ver.,15.71428571,3.142857143,9.428571429
MOR,-97.1,19.65,LVRVC,Las Vigas de Ramírez Ver.,18.21666667,2.583333333,10.4
PUE,-96.87,19.65,NAOVC,Naolinco Ver.,18.61111111,8.777777777999999,13.69444444
PUE,-96.94,19.45,COAVC,Coatepec Ver.,22.34482759,,
PUE,-96.84,19.7,ACAVC,Acatlán Ver.,16.55172414,6.448275862000001,11.5
TAB,-96.83,19.93,MZNVC,Misantla Ver.,21.65384615,,
YUC,-96.98,20.05,LIBVC,Libertad Ver.,26.14583333,17.0625,21.60416667
YUC,-97.78,20.88,SBTVC,Sombrerete Ver.,24.75,14.56666667,19.65833333
DF,-97.68,20.93,ALAVC,Álamo Temapache Ver.,23.36206897,15.32758621,19.34482759
NL,-97.4,20.96,TXPVC,Tuxpan Ver.,24.35172414,16.5,20.42586207
VER,-98.34,21.29,PSNVC,Platón Sánchez Ver.,25.59642857,14.82142857,20.20892857
DGO,-98.38,21.52,TMPVC,Tempoal Ver.,26.59642857,14.37857143,20.4875
CHIH,-97.23,19.76,ALTVC,Altotonga Ver.,16.20689655,4.896551724,10.55172414
DGO,-96.36,19.41,ENRVC,El Naranjillo Ver.,26.25,17.15,21.7
JAL,-96.55,19.4,IDOVC,Ídolos Ver.,27.81666667,17.96666667,22.89166667
ZAC,-96.37,19.36,CRDVC,Cardel Ver.,28.11290323,17.58064516,22.84677419
CAMP,-94.92,17.42,LPEVC,Las Perlas Ver.,27.03571429,16.53571429,21.78571429
CHIH,-95.03,17.43,JCRVC,Jesús Carranza Ver.,26.64814815,17.36296296,22.00555556
CHIH,-94.09,17.87,JDCVC,San José del Carmen Ver.,26.56896552,16.05172414,21.31034483
CHIH,-95.13,17.88,SJEVC,San Juan Evangelista Ver.,27.68333333,18.68333333,23.18333333
CHIH,-94.67,17.95,JALVC,Jaltipán Ver.,27.33333333,19.22222222,23.27777778
CHIH,-94.77,18.14,MNZVC,Minzapan Ver.,25.05555556,17.42592593,21.24074074
CHIS,-95.3,18.14,CTTVC,Coatotolapan Ver.,26.41666667,16.46666667,21.44166667
CHIS,-95.35,18.25,LAUVC,Lauchapan Ver.,25.80357143,15.69642857,20.75
CHIS,-96.35,18.45,TBLVC,Tierra Blanca Ver.,26.6,17.26666667,21.93333333
CHIS,-95.44,18.58,ARCVC,Ángel Rosario Cabada Ver.,26.28571429,16.73214286,21.50892857
CHIS,-97.1,18.85,ORZVC,Orizaba Ver.,21.73333333,11.38888889,16.56111111
CHIS,-96.61,19.02,VTEVC,Villa Tejeda Ver.,26.74193548,16.19354839,21.46774194
CHIS,-96.16,19.07,ETEVC,El Tejar Ver.,30.22580645,16.41935484,23.32258065
CHIS,-96.33,19.15,MFAVC,Manlio Fabio Altamirano Ver.,27.03793103,17.20689655,22.12241379
CHIS,-96.11,19.15,VERVC,Veracruz Ver.,26.796296299999998,19.31481481,23.05555556
COL,-96.95,19.18,HTSVC,Huatusco Ver.,19.18965517,6.379310345,12.78448276
DF,-96.49,19.34,TAMVC,Tamarindo Ver.,25.76923077,19.46153846,22.61538462
DF,-98.51,21.84,OLVVC,El Olivo Ver.,25.16428571,14.63928571,19.90178571
DF,-98.17,22.05,PNCVC,Pánuco Ver.,25.54642857,15.48214286,20.51428571
DGO,-98.44,21.78,HGOVC,El Higo Ver.,25.71071429,14.63571429,20.17321429
DGO,-88.93,20.13,PETYC,Peto Yuc.,30.38709677,14.0483871,22.21774194
GRO,-88.47,20.39,CHIYC,Chan-Chichimilá Yuc.,26.53333333,14.48333333,20.50833333
GTO,-89.05,20.03,TANYC,Tantaquín Yuc.,27.37096774,12.24193548,19.80645161
JAL,-89.65,21.28,76593,PROGRESO,28.12692308,18.68076923,23.40384615
MEX,-89.39,20.29,OXKYC,Oxkutzcab Yuc.,28.72580645,11.64516129,20.18548387
MEX,-89.44,21.11,MOCYC,Mocochá Yuc.,28.80645161,14.12903226,21.46774194
MEX,-90.38,20.86,CELYC,Celestún Yuc. SMN*,28.07931034,18.59655172,23.33793103
MEX,-89.68,20.65,ABAYC,Abalá Yuc.,27.38709677,11.62903226,19.50806452
MEX,-89.5,21.08,CONYC,Conkal Yuc.,28.12903226,13.61290323,20.87096774
NL,-87.68,21.51,CYOYC,El Cuyo Yuc.,28.56666667,19.86666667,24.21666667
OAX,-89.65,20.95,76644,MERIDA,29.79655172,17.96551724,23.88103448
OAX,-87.99,21.16,TIZIMIN,Tizimín Yuc. SMN*,28.35172414,15.74482759,22.04827586
PUE,-89.64,21.03,CICYC,Centro de Investigación Científica Yuc.,30.09677419,18.43548387,24.26612903
SIN,-89.65,21.28,PROYC,Progreso Yuc.,28.13461538,18.82692308,23.48076923
SIN,-89.58,20.98,EZAYC,Emiliano Zapata Yuc.,28.8,18.03333333,23.41666667
SIN,-89.56,20.4,TICYC,Ticul Yuc.,28.63793103,15.12068966,21.87931034
SIN,-89.08,20.46,CANYC,Cantamayec Yuc.,29.0,16.43333333,22.71666667
SLP,-88.2,20.69,76647,VALLADOLID,29.825,17.46428571,23.64464286
SON,-89.66,20.98,GARYC,Organismo de Cuenca Península de Yucatán Yuc.,28.26666667,16.43333333,22.35
TAMPS,-89.71,20.49,MUNYC,Muna Yuc.,30.5,16.12068966,23.31034483
TAMPS,-88.2,20.69,VALYC,Valladolid Yuc.,29.69333333,17.68666667,23.69
TAMPS,-88.17,21.16,TIZYC,Tizimín Yuc.,27.95,15.56666667,21.75833333
YUC,-89.83,20.75,CHOYC,Chocholá Yuc.,30.05,16.86666667,23.45833333
YUC,-89.64,20.94,FAEYC,Fuerza Aérea Yuc.,30.69285714,18.33571429,24.51428571
YUC,-89.65,20.95,MEOYC,Observatorio de Mérida Yuc.,29.94482759,18.113793100000002,24.02931034
ZAC,-103.1,23.69,ELCZC,El Cazadero Zac.,22.06451613,2.112903226,12.08870968
CHIS,-103.22,23.18,LREZC,Gobernador Leobardo Reynoso Zac.,21.38709677,1.5806451609999999,11.48387097
DF,-103.11,22.92,STRZC,Santa Rosa Zac.,20.06451613,3.419354839,11.74193548
VER,-103.38,22.85,LOBZC,Manuel Felgueres Zac.,22.90322581,0.306451613,11.60483871
CHIS,-102.95,22.82,BTEZC,Ramón López Velarde Zac.,21.62903226,3.4290322580000003,12.52903226
VER,-102.57,22.78,LBUZC,La Bufa Zac.,15.88709677,7.45483871,11.67096774
CHIS,-102.58,22.76,ZACZC,Zacatecas Zac.,19.87096774,7.693548387000001,13.78225806
GRO,-103.64,23.64,SOMZC,Sombrerete Zac.,22.12903226,5.012903226000001,13.57096774
TAB,-103.03,23.82,RGRZC,Río Grande Zac.,21.93548387,1.338709677,11.63709677
TAMPS,-102.89,23.17,FREZC,Fresnillo Zac.,19.66,,
VER,-102.51,22.75,ZA2ZC,Zacatecas Zac. SMN*,20.36129032,5.44516129,12.90322581
CHIH,-103.46,21.81,ATGZC,Atolinga Zac.,17.09677419,1.0,9.048387097
DF,-103.6,22.69,LFLZC,La Florida Zac.,25.29032258,-0.9032258059999999,12.19354839
JAL,-102.04,22.67,ELSZC,El Saladillo Zac.,22.12903226,-0.516129032,10.80645161
MEX,-102.8,22.35,PALZC,Palomas Zac.,21.62903226,2.177419355,11.90322581
MEX,-101.72,22.35,VHGZC,Villa Hidalgo Zac.,19.80645161,1.870967742,10.83870968
MEX,-102.86,22.12,TAYZC,Ing. Julián Adame Alatorre Zac.,24.80645161,3.8870967739999998,14.34677419
MEX,-102.62,24.98,NTAZC,Nuevo Tampico Zac.,25.06451613,3.322580645,14.19354839
MEX,-101.4,22.12,PINZC,Pino Suárez Zac.,21.69354839,0.7419354840000001,11.21774194
OAX,-103.5,22.33,STEZC,Santa Teresa Zac.,22.22580645,5.112903226,13.66935484
VER,-102.9,21.71,PMOZC,Moraleños Zac.,27.09677419,7.2258064520000005,17.16129032
YUC,-103.34,21.59,VILZC,José María Morelos Zac.,30.56451613,8.661290323,19.61290323
MEX,-102.85,21.36,NCTZC,Nochistlán Zac.,24.17741935,2.806451613,13.49193548
MEX,-103.51,24.29,SGOZC,Santiago Zac.,16.38709677,3.758064516,10.07258065
MEX,-103.65,23.47,76471,SOMBRERETE,21.54516129,4.903225806,13.22419355
MEX,-102.57,22.78,76525,ZACATECAS,15.93225806,7.441935484,11.68709677
VER,-102.51,22.75,GPEZC,Guadalupe Zac.,20.77419355,5.167741935,12.97096774
QROO,-103.35,21.65,EXCZC,Miguel Alemán Zac.,24.70967742,3.2903225810000003,14.0
