Estado,Localidad,Clave,Lon,Lat,2018,2019,2020,Tmax,Tmin,Tmed
AGS,"Aguascalientes, Ags.",AGSAG,-102.31,21.9,112.5,44.19,31.1,23.46774194,6.403225806,14.93548387
AGS,"Calvillo, Ags. SMN*",CALVILLO,-102.71,21.85,201.5,101.27,39.4,26.52258065,3.874193548,15.198387099999998
AGS,"Cosío, Ags.",CSOAG,-102.3,22.36,208.04,17.28,39.5,18.08064516,0.790322581,9.435483871
AGS,"Derivadora Pabellón, Ags.",PTRAG,-102.44,22.24,279.83,46.85,31.8,22.08064516,5.064516128999999,13.57258065
AGS,"El Niagara, Ags.",NGRAG,-102.37,21.78,260.01,19.96,29.4,24.30645161,3.741935484,14.02419355
AGS,"Jocoque, Ags.",JCQAG,-102.36,22.12,199.41,24.32,46.0,23.12903226,4.4193548389999995,13.77419355
AGS,"La Codorniz, Ags.",CDRAG,-102.68,22.0,250.0,35.0,52.0,24.51612903,7.112903226,15.81451613
AGS,"Los Conos, Ags.",CNSAG,-102.0,21.9,289.11,46.72,17.2,23.41935484,3.7903225810000003,13.60483871
AGS,"Media Luna, Ags.",MNLAG,-102.79,21.81,208.51,96.42,53.7,25.51612903,3.483870968,14.5
AGS,"Observatorio de Aguascalientes, Ags.",OBSAG,-102.29,21.85,263.9,39.64,31.5,24.07741935,5.716129032,14.89677419
AGS,"Pabellón, Ags.",PBLAG,-102.29,22.16,184.1,24.73,44.0,22.48387097,3.983870968,13.23387097
AGS,"Plutarco Elías Calles, Ags.",PECAG,-102.42,22.14,225.5,48.03,37.5,23.01612903,5.564516128999999,14.29032258
BC,"Cataviña, B.C. SMN*",CATAVINA,-114.72,29.73,0.0,0.0,4.5,19.32333333,8.65,13.98666667
CAMP,"Bolonchen, Camp.",BOLCA,-89.74,20.0,159.0,264.0,11.0,29.34482759,17.53448276,23.43965517
CAMP,"Campeche, Camp.",CMPCA,-90.54,19.84,246.0,309.5,18.0,28.07142857,17.46428571,22.76785714
CAMP,"Canasayab, Camp.",CANCA,-90.58,19.3,140.81,351.72,29.4,29.61290323,16.5483871,23.08064516
CAMP,"Candelaria, Camp.",CNDCA,-91.05,18.18,215.4,446.71,22.1,29.51612903,17.22580645,23.37096774
CAMP,"Champotón, Camp.",CHMCA,-90.72,19.36,141.511,233.51,23.0,29.296296299999998,17.37037037,23.33333333
CAMP,"Dzilbachén, Camp. SMN*",DZILBACHEN,-89.72,19.46,10.4,219.2,12.0,29.05666667,16.19333333,22.625
CAMP,"El Carmen, Camp.",CARCA,-91.76,18.65,204.9,304.1,34.2,28.68181818,21.31818182,25.0
CAMP,"Escárcega, Camp.",ESCCA,-90.74,18.6,139.2,275.11,35.9,27.703703700000002,18.25925926,22.98148148
CAMP,"Hecelchakan, Camp.",HECCA,-90.11,20.18,251.0,310.0,30.0,31.451612899999997,19.03225806,25.24193548
CAMP,"Hopelchen, Camp.",HPOCA,-89.85,19.75,196.0,154.1,10.4,29.7,15.23333333,22.46666667
CAMP,"Noh-Yaxché, Camp.",NYXCA,-90.22,19.61,90.9,133.3,14.2,31.33333333,15.76666667,23.55
CAMP,"Observatorio de Campeche, Camp.",COBCA,-90.51,19.84,406.91,296.61,9.4,29.45555556,17.37777778,23.41666667
CAMP,"Palizada, Camp.",PLZCA,-92.09,18.25,157.0,360.5,42.5,28.22580645,18.25806452,23.24193548
CAMP,"Sabancuy, Camp.",SBNCA,-91.18,18.97,244.17,248.81,5.2,27.37931034,17.48275862,22.43103448
CAMP,"Xpujil, Camp.",XPJCA,-89.4,18.5,58.4,141.5,39.0,29.16666667,17.96666667,23.56666667
CHIH,"Abraham González, Chih.",AGZCH,-107.48,28.48,63.56,15.52,1.5,17.0,-3.333333333,6.833333333
CHIH,"Bachíniva, Chih.",BACCH,-107.26,28.77,31.0,8.5,1.0,16.80645161,-1.548387097,7.629032258
CHIH,"Basaseachi, Chih.",BSSCH,-108.21,28.21,144.9,43.9,14.0,17.03870968,-2.312903226,7.362903226
CHIH,"Casas Grandes, Chih.",CAGCH,-107.93,30.38,20.13,66.3,4.6,16.53870968,-0.380645161,8.079032258
CHIH,"Chinipas, Chih.",CNDCH,-108.54,27.42,78.51,2.0,4.0,24.79032258,6.74516129,15.76774194
CHIH,"El Tintero, Chih.",TNTCH,-107.38,29.56,19.52,16.15,2.2,17.74193548,-0.322580645,8.709677419
CHIH,"La Mesa, Chih.",C08270,-105.96,28.77,24.53,30.23,1.7,20.35483871,1.35483871,10.85483871
CHIH,"Las Lajas, Chih.",LJSCH,-107.03,29.88,12.23,19.31,3.1,14.4516129,-0.9032258059999999,6.7741935479999995
CHIH,"Majalca, Chih.",C08099,-106.48,28.8,19.5,10.0,0.0,15.09677419,-2.483870968,6.306451612999999
CHIH,"Observatorio de Chihuahua, Chih.",QIJCH,-106.09,28.66,16.22,24.4,0.0,20.42580645,3.438709677,11.93225806
CHIH,"Ojinaga, Chih.",OJNCH,-104.41,29.56,33.0,57.0,11.8,19.61290323,2.016129032,10.81451613
CHIH,"Tejolocachi, Chih.",C08243,-107.7,28.76,27.2,68.0,3.0,16.93548387,-4.548387097,6.193548387000001
CHIH,"Temósachic, Chih.",TMCCH,-107.85,28.95,41.64,6.43,2.5,18.0516129,-4.032258065,7.009677419
CHIH,"Urique, Chih.",URECH,-107.91,27.22,120.6,35.5,4.0,27.66774194,9.206451612999999,18.43709677
CHIS,"Acala, Chis.",ACACP,-92.8,16.55,139.01,142.21,10.6,30.46774194,15.58064516,23.02419355
CHIS,"Arriaga, Chis.",AROCP,-93.9,16.24,418.91,411.02,0.0,34.51935484,21.71290323,28.11612903
CHIS,"Bochil, Chis. OCFS*",BOCHIL,-92.91,17.0,72.2,170.4,9.9,25.27741935,10.35806452,17.81774194
CHIS,"Boquerón, Chis.",BOQCP,-93.15,16.64,283.4,99.6,0.8,31.48387097,16.58064516,24.03225806
CHIS,"Catarinitas, Chis. SGT*",CATARINITAS,-92.48,15.97,232.2,255.4,1.4,31.55483871,17.09032258,24.32258065
CHIS,"Doctor Belisario Domínguez, Chis.",ANGCP,-92.78,16.4,357.0,181.61,0.0,32.25806452,16.70967742,24.48387097
CHIS,"Grijalva, Chis.",GRICP,-93.12,16.98,249.21,88.02,0.0,30.37096774,16.01612903,23.19354839
CHIS,"Huixtla, Chis. OCFS*",HUIXTLA,-92.47,15.15,516.9,442.9,4.5,38.2516129,20.76451613,29.50806452
CHIS,"Ignacio López Rayón, Chis. OCFS*",ILRAYON,-92.18,14.63,236.5,128.0,2.5,31.53225806,21.13870968,26.33548387
CHIS,"Manuel Moreno Torres, Chis.",CHICP,-93.1,16.94,193.2,124.81,0.5,29.0,17.96666667,23.48333333
CHIS,"Observatorio de San Cristóbal, Chis.",SCOCP,-92.63,16.73,198.1,224.0,2.0,21.67333333,7.493333333,14.58333333
CHIS,"Observatorio de Tuxtla Gutiérrez, Chis.",TXOCP,-93.13,16.75,200.2,118.81,0.0,29.88064516,17.55806452,23.71935484
CHIS,"Puente Concordia, Chis.",PCOCP,-91.97,15.85,181.51,90.61,0.0,29.72580645,13.90322581,21.81451613
CHIS,"Puente Morelos (San Cristóbal Cabañas), Chis.",SCRCP,-92.62,16.74,167.03,286.61,2.4,20.96666667,6.3,13.63333333
CHIS,"Reforma, Chis.",REFCP,-92.67,15.92,418.31,272.6,0.0,31.0,13.87096774,22.43548387
CHIS,"Revolución Mexicana, Chis.",REVCP,-93.08,16.16,238.11,260.8,2.6,29.20967742,14.74193548,21.97580645
CHIS,"Salto de Agua, Chis.",SAACP,-92.35,17.57,77.9,424.2,163.9,27.5,18.26785714,22.88392857
CHIS,"San Miguel, Chis.",SMICP,-92.24,15.78,147.93,102.65,1.3,33.38709677,13.83870968,23.61290323
CHIS,"Santo Domingo, Chis.",SDOCP,-93.06,16.45,283.7,195.9,0.0,30.81666667,16.08333333,23.45
CHIS,"Siltepec, Chis. SGT*",SILTEPEC,-92.32,15.56,232.2,272.6,44.0,26.31071429,15.16428571,20.7375
CHIS,"Tapachula, Chis.",TAPCP,-92.26,14.91,359.91,324.3,0.0,34.47741935,22.31612903,28.39677419
CHIS,"Yamonhó, Chis.",YAMCP,-93.33,17.12,86.11,157.3,34.6,27.21428571,15.92857143,21.57142857
CHIS,"Zapaluta, Chis. SGT*",ZAPALUTA,-92.05,16.12,140.5,119.7,7.6,22.66129032,11.29032258,16.97580645
CHIS,"Ángel Albino Corzo, Chis.",PENCP,-93.46,17.45,73.0,284.83,141.5,27.41304348,19.26086957,23.33695652
COAH,"Ciudad Acuña, Coah.",CDACL,-100.95,29.33,6.0,228.02,24.0,19.48148148,4.814814815,12.14814815
COAH,"Cuatro Ciénegas, Coah.",CCGCL,-102.06,26.98,78.11,31.31,4.3,22.72413793,5.620689655,14.17241379
COAH,"E. C. Saltillo, Coah.",ESLCL,-100.92,25.44,62.21,59.71,54.7,19.32758621,6.379310345,12.85344828
COAH,"El Centenario, Coah.",CNTCL,-100.95,29.21,0.0,176.6,22.0,17.88888889,4.666666667,11.27777778
COAH,"Internacional La Amistad, Coah.",AMSCL,-101.06,29.45,3.0,130.51,22.3,18.17857143,5.607142857,11.89285714
COAH,"Monclova, Coah.",MCVCL,-101.42,26.91,34.7,64.2,1.0,21.1862069,8.313793103,14.75
COAH,"Observatorio de Saltillo, Coah.",SALCL,-101.02,25.38,240.301,61.01,58.8,20.46129032,6.438709677,13.45
COAH,"Piedras Negras, Coah.",PNGCL,-100.53,28.71,0.0,100.3,33.4,19.93333333,6.911111111,13.42222222
COAH,"Progreso, Coah.",PRSCL,-101.0,27.42,4.0,54.02,0.0,20.10344828,4.310344828,12.20689655
COAH,"Saltillo, Coah.",STOCL,-101.02,25.38,91.03,24.32,51.5,19.34482759,7.551724137999999,13.44827586
COAH,"San Pedro, Coah.",SPECL,-102.98,25.76,16.05,20.34,10.2,23.59677419,5.451612902999999,14.52419355
COAH,"Venustiano Carranza, Coah.",VCRCL,-100.62,27.52,0.02,9.52,1.0,19.64285714,5.964285714,12.80357143
COAH,"Zapata, Coah.",ZPTCL,-100.9,29.03,0.0,164.0,32.0,17.4,4.633333333,11.01666667
COL,"Buena Vista, Col.",BVSCM,-103.61,19.25,138.0,147.01,24.0,32.69354839,15.5483871,24.12096774
COL,"Cerro de Ortega, Col.",CDOCM,-103.72,18.75,393.61,46.62,25.2,33.66129032,18.32258065,25.99193548
COL,"Derivadora Jala (Madrid), Col.",DJLCM,-103.88,19.11,155.93,49.21,22.2,32.59677419,16.75806452,24.67741935
COL,"La Posta, Col.",LPSCM,-103.73,19.22,97.34,80.81,34.7,33.20967742,17.37096774,25.29032258
COL,"Laguna de Amela, Col.",LDACM,-103.77,18.81,310.04,52.74,60.5,32.28333333,18.43333333,25.35833333
COL,"Manzanillo, Col.",MNZCM,-104.32,19.04,135.7,38.8,62.7,31.49677419,22.73870968,27.11774194
COL,"Radar, Col.",RDRCM,-103.73,19.22,157.92,21.8,34.7,34.12903226,19.96774194,27.048387100000003
DF,"Campamento Amealco, Cd. de Méx.",CEADF,-99.14,19.52,233.51,157.42,4.7,23.75806452,6.564516128999999,15.16129032
DF,"Desviación Alta, Cd. de Méx.",DATDF,-99.2,19.3,68.4,33.0,3.0,22.93548387,8.806451613,15.87096774
DF,"San Juan de Aragón, Cd. de Méx.",SJADF,-99.07,19.47,149.93,128.15,1.5,23.64516129,6.661290322999999,15.15322581
DF,"km 6+250 (Gran Canal), Cd. de Méx.",GCNDF,-99.09,19.48,189.7,162.8,1.4,21.69354839,4.806451613,13.25
DGO,"Caboraca, Dgo.",CBRDR,-104.81,24.54,101.13,18.03,24.5,18.40322581,0.935483871,9.669354839
DGO,"Canatlán, Dgo.",CNTDR,-104.75,24.5,155.9,34.4,36.4,23.25806452,2.129032258,12.69354839
DGO,"Ceballos, Dgo.",CEBDR,-104.12,26.52,40.59,15.54,0.0,23.87096774,1.0,12.43548387
DGO,"Ciudad Lerdo, Dgo.",CLRDR,-103.52,25.53,30.41,34.53,13.2,21.16129032,7.096774194,14.12903226
DGO,"Durango, Dgo.",DRGDR,-104.67,24.03,84.83,8.14,53.4,24.51612903,4.619354839,14.56774194
DGO,"Francisco Villa, Dgo.",FVLDR,-103.96,24.0,153.75,52.0,26.0,25.35483871,3.419354839,14.38709677
DGO,"Francisco Zarco, Dgo.",FZRDR,-103.77,25.27,6.09,22.52,16.0,21.548387100000003,7.870967742,14.70967742
DGO,"Guadalupe Victoria, Dgo. (hidro)",GVHDR,-104.75,23.96,116.21,19.83,44.5,19.83870968,4.6290322580000005,12.23387097
DGO,"Peña del Águila, Dgo.",PAGDR,-104.66,24.2,89.11,2.51,44.1,22.0,-0.225806452,10.88709677
DGO,"Presidente Guadalupe Victoria, Dgo.",GVCDR,-104.75,23.96,105.21,18.81,44.5,19.83870968,4.6290322580000005,12.23387097
DGO,"Salomé Acosta, Dgo.",SACDR,-105.44,25.22,40.13,30.34,15.0,23.12903226,1.822580645,12.47580645
DGO,"Tlahualilo, Dgo.",THODR,-103.44,26.11,44.82,59.0,14.5,22.41935484,4.258064516,13.33870968
DGO,"Villa Hidalgo, Dgo.",VHGDR,-104.93,26.24,51.01,98.01,6.5,21.61290323,1.0806451609999999,11.34677419
GRO,"Acapulco, Gro. SMN*",ACUGR,-99.75,16.76,200.8,112.4,0.2,33.2,18.80967742,26.00483871
GRO,"Ayutla, Gro.",AYUGR,-99.1,16.95,403.4,302.0,3.7,33.59677419,16.83870968,25.21774194
GRO,"Buena Vista, Gro.",BVSGR,-99.4,18.46,344.6,236.0,5.0,28.29032258,12.12903226,20.20967742
GRO,"Chichihualco, Gro.",CCHGR,-99.7,17.67,174.0,117.5,0.0,31.61290323,10.80645161,21.20967742
GRO,"Chilapa, Gro.",CHLGR,-99.18,17.61,139.0,130.0,4.5,27.38709677,10.25806452,18.82258065
GRO,"Chilpancingo, Gro.",CHIGR,-99.5,17.55,147.2,103.9,1.9,29.01612903,11.75806452,20.38709677
GRO,"Ciudad Altamirano, Gro.",CALGR,-100.66,18.36,295.1,146.7,0.0,34.37096774,16.59677419,25.48387097
GRO,"Iguala, Gro.",IGLGR,-99.55,18.35,277.0,187.1,3.8,32.18709677,15.48709677,23.83709677
GRO,"Observatorio de Acapulco, Gro.",ODAGR,-99.8,16.8,275.7,110.3,0.0,33.29677419,21.64193548,27.46935484
GRO,"Observatorio de Zumpango, Gro.",ODZGR,-99.5,17.6,140.4,118.5,0.6,28.22580645,14.51612903,21.37096774
GRO,"Olinala, Gro.",OLNGR,-98.74,17.78,341.5,364.0,0.0,37.12903226,11.12903226,24.12903226
GRO,"Ometepec, Gro.",OMEGR,-98.43,16.68,313.4,205.0,0.0,26.03225806,15.0,20.51612903
GRO,"Quetzala, Gro.",QTZGR,-98.5,16.66,433.3,198.8,1.3,32.77419355,17.77419355,25.27419355
GRO,"San Jerónimo, Gro.",SJEGR,-100.47,17.14,369.0,60.7,3.0,32.0,21.48387097,26.74193548
GRO,"Tierra Colorada, Gro.",TCOGR,-99.53,17.17,177.2,51.1,4.0,33.22580645,18.70967742,25.96774194
GRO,"Tlacotepec, Gro.",TLAGR,-99.98,17.79,305.4,140.3,11.0,19.64516129,8.290322581,13.96774194
GRO,"Tlapa, Gro.",TLPGR,-98.6,17.5,80.2,141.8,0.0,30.58064516,12.5483871,21.56451613
GRO,"Vicente Guerrero, Gro.",VGRGR,-100.27,18.38,189.4,147.5,0.0,36.58064516,14.33870968,25.45967742
GRO,"Xochihuehuetlán, Gro.",XXHGR,-98.49,17.9,320.5,177.0,0.0,33.67741935,10.48387097,22.08064516
GTO,"Abasolo, Gto.",ABSGJ,-101.52,20.43,198.54,56.01,0.0,25.451612899999997,9.564516129,17.50806452
GTO,"Acámbaro, Gto.",ACNGJ,-100.72,20.03,250.02,114.07,4.0,24.61290323,7.741935484,16.17741935
GTO,"Agua Tibia, Gto.",ATBGJ,-101.63,20.5,307.7,100.02,0.0,26.12903226,5.258064516,15.69354839
GTO,"Ameche, Gto.",AMCGJ,-100.58,20.55,244.52,86.52,8.0,25.85483871,6.0,15.92741935
GTO,"Apaseo el Alto, Gto.",APSGJ,-100.62,20.45,202.5,98.52,8.0,25.33870968,8.451612903,16.89516129
GTO,"Apaseo el Grande, Gto.",AEGGJ,-100.68,20.53,155.8,114.3,4.0,27.91935484,7.935483871000001,17.92741935
GTO,"Barbosa, Gto. Protección Civil*",BARBOSA,-101.63,21.29,425.01,113.14,21.5,21.41612903,6.135483871,13.77580645
GTO,"Celaya, Gto.",CLYGJ,-100.82,20.53,277.4,64.91,3.8,26.70967742,7.709677419,17.20967742
GTO,"Cinco Señores, Gto.",CSRGJ,-100.9,20.95,319.24,90.36,4.5,24.06451613,3.419354839,13.74193548
GTO,"Coroneo, Gto.",CORGJ,-100.36,20.2,234.7,89.9,11.9,23.64516129,2.516129032,13.08064516
GTO,"Cortázar, Gto.",CRTGJ,-100.95,20.48,229.8,146.0,7.0,25.70967742,7.387096774,16.5483871
GTO,"Cuerámaro, Gto.",CRMGJ,-101.67,20.62,259.6,82.1,0.0,26.61290323,9.64516129,18.12903226
GTO,"Dolores Hidalgo, Gto.",DHGGJ,-100.93,21.15,253.53,52.52,0.0,28.24193548,2.274193548,15.25806452
GTO,"El Barrial, Gto.",BRRGJ,-101.83,21.05,320.43,27.05,4.2,24.03225806,5.661290322999999,14.84677419
GTO,"El Conejo, Gto.",ECNGJ,-101.37,20.73,265.6,70.42,0.0,25.29032258,5.435483871000001,15.36290323
GTO,"El Cubo, Gto.",ECBGJ,-100.9,20.28,198.56,133.55,10.5,25.40322581,5.0806451610000005,15.24193548
GTO,"El Palote, Gto.",EPLGJ,-101.69,21.17,362.6,138.52,6.4,24.32258065,7.838709677000001,16.08064516
GTO,"Guanajuato, Gto.",GTOGJ,-101.26,21.01,482.1,98.01,1.4,23.78387097,8.035483871,15.90967742
GTO,"Ignacio Allende, Gto.",IALGJ,-100.83,20.85,293.42,95.73,4.0,24.74193548,6.112903226,15.42741935
GTO,"Irapuato, Gto.",IRPGJ,-101.35,20.68,250.8,68.01,0.0,24.33870968,8.725806452,16.53225806
GTO,"Jerécuaro, Gto.",JCRGJ,-100.52,20.13,280.93,45.22,0.8,24.46774194,4.709677419,14.58870968
GTO,"La Golondrina, Gto.",GLNGJ,-101.74,20.44,290.0,98.01,0.0,23.19354839,9.838709677,16.51612903
GTO,"La Purísima, Gto.",PRSGJ,-101.29,20.87,350.4,207.5,0.0,25.0,8.290322581,16.64516129
GTO,"La Quemada, Gto.",LQMGJ,-101.11,21.32,279.8,57.3,2.0,21.22580645,1.870967742,11.5483871
GTO,"Laguna de Yuriria, Gto.",LDYGJ,-101.07,20.29,186.07,75.55,23.0,24.06451613,5.741935484,14.90322581
GTO,"Las Adjuntas, Gto.",LADGJ,-101.84,20.68,220.8,128.8,1.4,24.25806452,4.516129032,14.38709677
GTO,"Las Jícamas, Gto.",LJIGJ,-101.36,20.28,291.0,61.4,5.0,25.451612899999997,7.7741935479999995,16.61290323
GTO,"León, Gto.",LENGJ,-101.67,21.1,266.32,157.05,6.0,25.46774194,10.11290323,17.79032258
GTO,"Los Castillos, Gto.",CSTGJ,-101.67,21.2,350.1,137.62,11.6,25.548387100000003,7.387096774,16.46774194
GTO,"Pericos, Gto.",PERGJ,-101.13,20.52,205.71,118.85,6.2,24.37096774,6.483870968,15.42741935
GTO,"Pozos, Gto.",POZGJ,-100.5,21.22,218.41,95.95,2.8,20.93548387,4.741935484,12.83870968
GTO,"Puente la Gavia, Gto.",LGVGJ,-100.87,20.38,304.0,163.0,0.0,25.29032258,4.548387097,14.91935484
GTO,"Salamanca, Gto.",SLMGJ,-101.2,20.57,215.82,80.87,5.6,25.91935484,8.0,16.95967742
GTO,"Salvatierra, Gto.",SLVGJ,-100.88,20.21,185.03,84.14,1.8,26.06451613,6.629032258,16.34677419
GTO,"San Felipe, Gto.",SFEGJ,-101.22,21.48,322.0,122.0,12.9,19.90322581,2.596774194,11.25
GTO,"San Luis de la Paz, Gto.",SLPGJ,-100.52,21.3,162.0,47.2,2.0,22.11290323,2.225806452,12.16935484
GTO,"San Miguel Octopan, Gto.",SMOGJ,-100.75,20.58,161.6,56.7,9.8,23.30645161,6.822580645,15.06451613
GTO,"San Miguel de Allende, Gto.",SMAGJ,-101.02,20.43,293.7,105.61,1.5,23.46774194,4.5,13.98387097
GTO,"Santa Julia, Gto.",SJLGJ,-101.02,20.4,204.2,126.8,5.7,25.79032258,5.806451612999999,15.7983871
GTO,"Santa Rita, Gto.",SRTGJ,-101.07,20.3,159.92,213.01,11.0,25.27419355,6.209677419,15.74193548
GTO,"Solís, Gto.",SLSGJ,-100.67,20.05,310.29,75.08,4.0,24.77419355,7.806451612999999,16.29032258
GTO,"Temascatío, Gto.",TEMGJ,-101.3,20.6,331.1,210.23,0.0,26.27419355,9.370967742000001,17.82258065
GTO,"Valle de Santiago, Gto.",VDSGJ,-101.18,20.39,231.51,47.53,10.0,23.32258065,6.677419355,15.0
GTO,"Xichú, Gto.",XICGJ,-100.09,21.3,147.22,126.91,4.7,26.13333333,8.483333333,17.30833333
HGO,"Actopan, Hgo.",ACTHD,-98.94,20.27,115.5,138.4,5.0,26.77419355,4.064516128999999,15.41935484
HGO,"Endhó, Hgo.",ENDHD,-99.36,20.16,266.51,138.52,6.5,24.77419355,6.0,15.38709677
HGO,"Ixmiquilpan, Hgo.",IXMHD,-99.22,20.48,117.63,134.5,13.7,23.51612903,7.806451612999999,15.66129032
HGO,"Javier Rojo Gómez, Hgo.",PRGHD,-99.33,20.36,241.02,145.04,5.0,23.93548387,7.322580645,15.62903226
HGO,"Mixquiahuala, Hgo.",MXQHD,-99.22,20.24,175.05,116.01,7.0,23.41935484,5.741935484,14.58064516
HGO,"Observatorio de Pachuca, Hgo.",PCOHD,-98.75,20.12,139.9,104.6,9.7,21.91290323,5.174193548,13.54354839
HGO,"Requena, Hgo.",PRQHD,-99.31,19.96,151.0,96.01,3.0,24.53225806,4.709677419,14.62096774
HGO,"Taxhimay, Hgo.",TXMHD,-99.39,19.83,180.0,163.5,2.5,24.61290323,2.419354839,13.51612903
HGO,"Tulancingo, Hgo.",TLGHD,-98.37,20.08,54.41,136.1,12.7,22.6,6.283870968,14.44193548
HGO,"Vicente Aguirre, Hgo.",PVAHD,-99.38,20.44,222.02,136.04,6.0,23.64516129,6.741935484,15.19354839
HGO,"Zacualtipán, Hgo.",ZXTHD,-98.65,20.65,115.0,155.5,92.0,21.13333333,6.266666667000001,13.7
JAL,"Basilio Vadillo, Jal.",BBAJL,-104.06,19.91,68.0,58.51,64.0,32.80645161,11.70967742,22.25806452
JAL,"Bocas, Jal.",BCSJL,-103.73,22.4,153.31,86.41,26.8,27.17741935,2.5,14.83870968
JAL,"Cajón de Peña, Jal.",CPEJL,-105.13,20.0,159.51,1.51,2.5,30.16129032,20.80645161,25.48387097
JAL,"Colotlán, Jal.",CLTJL,-103.25,22.13,81.4,74.7,2.8,25.51290323,4.106451613,14.80967742
JAL,"Cuale, Jal.",CULJL,-105.05,20.58,175.24,65.93,88.1,29.59677419,16.77419355,23.18548387
JAL,"Guadalajara Centro, Jal.",GUAJL,-103.37,20.67,311.2,96.12,1.2,24.41935484,10.72580645,17.57258065
JAL,"Jamay, Jal.",JMYJL,-102.71,20.29,213.5,113.7,6.0,23.29032258,5.7354838710000005,14.51290323
JAL,"Lago de Chapala, Jal.",LDCJL,-103.2,20.29,101.52,74.9,10.3,23.0,13.0,18.0
JAL,"Tlajomulco, Jal. SMN*",TLAJOMULCO,-103.42,20.44,108.0,141.0,25.8,25.6,5.95483871,15.77741935
JAL,"Tlaquepaque, Jal.",TLAJL,-103.32,20.58,232.75,124.23,27.0,26.77419355,10.67741935,18.72580645
MEX,"Atenco (Río Xalapan), Méx.",ATEMX,-98.91,19.54,78.48,127.48,1.0,22.93548387,1.741935484,12.33870968
MEX,"Calacoaya, Méx.",CLYMX,-99.24,19.53,185.7,82.1,8.2,21.43548387,5.338709677,13.38709677
MEX,"Chapingo, Méx.",CHPMX,-98.88,19.48,122.1,206.5,7.8,24.83870968,3.725806452,14.28225806
MEX,"Danxhó, Méx.",DNXMX,-99.56,19.88,179.03,177.02,7.0,18.64516129,0.7419354840000001,9.693548387
MEX,"El Molinito Río Hondo, Méx.",EMOMX,-99.24,19.45,257.7,90.91,16.0,24.0,-1.096774194,11.4516129
MEX,"José Antonio Alzate, Méx.",SBBMX,-99.7,19.47,325.0,183.0,5.0,21.12903226,-1.935483871,9.596774194
MEX,"La Concepción, Méx.",CNPMX,-99.3,19.7,224.9,74.5,6.0,22.32258065,2.935483871,12.62903226
MEX,"La Grande, Méx.",GRDMX,-98.92,19.58,108.42,180.12,0.0,22.25806452,7.258064516,14.75806452
MEX,"Las Arboledas, Méx.",ARBMX,-99.22,19.57,184.7,125.14,9.5,23.35483871,5.661290322999999,14.50806452
MEX,"Molino Blanco, Méx.",MBLMX,-99.22,19.48,277.51,49.03,6.0,21.48387097,4.741935484,13.11290323
MEX,"Presa Totolica, Méx.",PTLMX,-99.28,19.45,232.7,120.51,14.5,21.048387100000003,2.419354839,11.73387097
MEX,"Puente Colgante, Méx.",PCGMX,-99.18,19.74,176.02,74.54,4.5,21.0,2.419354839,11.70967742
MEX,"Rectoría, Méx.",RECMX,-99.65,19.3,177.93,118.54,0.7,17.97096774,6.806451612999999,12.38870968
MEX,"San Andrés (Texcoco), Méx.",SADMX,-98.91,19.53,140.91,193.91,13.0,22.38709677,4.483870968,13.43548387
MEX,"San Juan de las Huertas, Méx.",SJHMX,-99.76,19.24,141.3,136.0,7.4,16.83870968,2.483870968,9.661290323
MEX,"San Lucas, Mex.",SNLMX,-98.86,19.64,72.05,100.33,3.0,22.0,3.193548387,12.59677419
MEX,"San Luis Ameca, Méx.",SLAMX,-98.87,19.19,53.1,94.42,1.5,21.43548387,3.85483871,12.64516129
MEX,"San Martín Obispo, Méx.",OBSMX,-99.19,19.62,171.9,75.8,4.8,21.24193548,7.387096774,14.31451613
MEX,"Santa María del Llano, Méx.",SMLMX,-99.8,19.63,247.02,229.02,20.0,24.61290323,-2.290322581,11.16129032
MEX,"Tajo de Tequixquiac, Mex.",TTQMX,-99.12,19.9,139.53,87.04,4.0,22.19354839,1.967741935,12.08064516
MEX,"Totolica (hidro), Méx.",TTLMX,-99.28,19.45,214.7,96.6,15.2,23.70967742,7.483870968,15.59677419
MEX,"Trojes, Méx.",TROMX,-100.28,19.1,213.9,133.6,0.1,22.11290323,2.5,12.30645161
MEX,"km 27+250, Méx.",K27MX,-99.05,19.63,182.82,91.1,2.0,22.0,8.032258065,15.01612903
MICH,"Apatzingán, Mich.",APTMC,-102.37,19.08,153.51,63.5,0.5,33.53225806,15.09677419,24.31451613
MICH,"Apatzingán, Mich. SMN*",APAMC,-102.37,19.08,129.6,50.6,0.0,34.7483871,17.71935484,26.23387097
MICH,"Aristeo Mercado, Mich.",AMEMC,-101.66,19.93,162.2,18.6,2.0,24.47741935,6.467741935,15.47258065
MICH,"Barraje de Ibarra, Mich.",BIBMC,-102.42,20.18,200.5,90.53,4.0,25.22580645,5.5,15.36290323
MICH,"Casa Blanca, Mich.",CBLMC,-101.46,20.32,242.02,57.55,7.5,24.30645161,5.112903226,14.70967742
MICH,"Ciudad Hidalgo, Mich.",CHIMC,-100.55,19.7,188.5,119.01,22.5,22.96774194,5.112903226,14.04032258
MICH,"Constitución de Apatzingán, Mich.",CHLMC,-102.77,19.29,325.0,90.0,0.0,37.51612903,15.29032258,26.40322581
MICH,"Coíntzio, Mich.",COIMC,-101.26,19.63,182.52,111.38,7.2,24.06129032,5.4193548389999995,14.74032258
MICH,"El Gigante, Mich.",EGIMC,-100.45,19.97,159.04,110.71,0.0,26.69354839,4.677419355,15.68548387
MICH,"Guaracha, Mich.",GUAMC,-102.54,19.98,145.1,63.5,1.1,29.38709677,6.516129032,17.951612899999997
MICH,"La Palma, Mich.",LPAMC,-102.75,20.15,6.6,232.2,5.6,23.67741935,9.816129032000001,16.74677419
MICH,"Los Olivos, Mich.",LOLMC,-102.87,19.21,250.0,336.0,0.0,38.09677419,14.5,26.298387100000003
MICH,"Malpaís, Mich.",MLPMC,-100.87,19.83,261.13,105.4,5.7,25.548387100000003,4.064516128999999,14.80645161
MICH,"Maravatío, Mich.",MRVMC,-100.44,19.89,179.01,69.51,15.5,26.08064516,3.516129032,14.7983871
MICH,"Morelia Centro, Mich.",MCEMC,-101.1,19.7,173.31,138.64,10.1,24.03225806,8.309677419,16.17096774
MICH,"Morelia, Mich.",MORMC,-101.18,19.69,230.52,178.03,1.0,24.40322581,7.64516129,16.02419355
MICH,"Pastor Ortiz, Mich.",PORMC,-101.6,20.3,165.02,80.44,1.0,22.58064516,4.838709677,13.70967742
MICH,"Planta de Bombeo, Mich.",PDBMC,-101.05,19.49,249.02,112.01,5.4,24.53225806,5.032258065,14.78225806
MICH,"Sahuayo, Mich.",SAHMC,-102.72,20.07,210.5,128.0,5.0,26.0,5.435483871000001,15.71774194
MICH,"San Juanico, Mich.",SJUMC,-102.65,19.84,169.5,102.8,7.0,25.25806452,7.370967742,16.31451613
MICH,"San Simón, Mich.",SSIMC,-102.4,20.1,150.01,65.51,6.0,26.96774194,12.29032258,19.62903226
MICH,"Urepetiro, Mich.",UREMC,-102.14,19.96,177.39,69.12,1.2,22.90322581,3.14516129,13.02419355
MICH,"Villa Jiménez, Mich.",VJIMC,-101.45,19.55,260.0,78.33,2.4,23.59677419,2.967741935,13.28225806
MICH,"Zicuirán, Mich.",ZICMC,-101.93,18.92,154.04,56.01,0.0,39.87096774,17.12903226,28.5
MOR,"Higuerón, Mor.",HIGMR,-99.18,18.57,220.6,176.5,2.7,28.83870968,12.48387097,20.66129032
MOR,"Jojutla, Mor.",JOJMR,-99.2,18.6,280.2,221.5,0.0,34.17741935,10.69354839,22.43548387
MOR,"Ocuituco, Mor.",OCTMR,-98.76,18.88,416.3,272.0,0.0,26.15483871,8.677419355,17.41612903
NAY,"Gaviotas, Nay.",GAVNR,-105.14,20.89,262.04,8.04,1.0,31.88709677,16.61290323,24.25
NAY,"Tepic, Nay.",TEPNR,-104.89,21.49,146.71,46.72,65.0,28.01290323,13.98709677,21.0
NL,"Aramberri, N.L.",ARRNL,-99.82,24.1,24.4,171.31,4.0,23.53333333,6.1333333329999995,14.83333333
NL,"Carmen de los Elizondo Linares, N. L.",CARNL,-99.44,24.98,21.97,68.77,8.0,22.96428571,7.142857143,15.05357143
NL,"Cerralvo, N.L.",CRVNL,-99.61,26.09,84.44,105.81,13.2,19.27586207,7.0,13.13793103
NL,"Ciénega de Flores, N.L.",CDFNL,-100.17,25.95,140.0,72.0,8.0,20.77586207,7.103448276,13.93965517
NL,"Crucitas, N.L.",CRUNL,-99.7,24.78,152.8,69.5,6.2,21.33928571,7.517857143,14.42857143
NL,"Cuchillo-Solidaridad, N.L.",CCHNL,-99.28,25.71,63.5,103.5,6.8,19.5,9.304347826,14.40217391
NL,"Doctor Arroyo, N.L.",DARNL,-100.17,23.68,111.0,175.0,18.0,22.87096774,6.64516129,14.75806452
NL,"El Canadá, N.L.",CANNL,-100.27,25.8,169.0,12.75,28.8,22.03846154,8.923076923,15.48076923
NL,"El Cerrito, N.L.",ECSNL,-100.2,25.52,62.0,105.0,26.6,21.78571429,5.178571429,13.48214286
NL,"Galeana, N.L.",GALNL,-100.08,24.83,148.84,185.71,19.2,18.19354839,5.225806452,11.70967742
NL,"José López Portillo, N.L.",CPRNL,-99.4,24.94,53.01,54.52,8.5,21.03846154,8.788461538,14.91346154
NL,"La Boca, N.L.",LBCNL,-100.13,25.43,69.91,97.8,36.2,21.12962963,7.314814815,14.22222222
NL,"Mier y Noriega, N.L.",MYNNL,-100.12,23.42,24.63,153.75,15.4,24.29032258,7.129032258,15.70967742
NL,"Monterrey, N.L.",MTRNL,-100.27,25.68,104.81,38.51,22.9,21.875,8.803571429,15.33928571
NL,"Observatorio de Nuevo León, N.L.",OBSNL,-100.3,25.73,104.81,38.51,22.9,22.63461538,9.296153846000001,15.96538462
NL,"San Rafael, N.L.",SRANL,-100.55,25.03,42.02,38.03,48.5,21.58064516,-1.35483871,10.11290323
NL,"Zaragoza, N.L.",ZRGNL,-99.78,23.98,70.0,179.0,6.0,22.51612903,6.4193548389999995,14.46774194
OAX,"Boquilla 1, Oax.",BOQOX,-95.93,16.65,144.4,60.82,1.7,34.32258065,11.19354839,22.75806452
OAX,"Chicapa, Oax.",CHIOX,-94.82,16.58,311.9,169.11,1.5,29.82758621,21.77586207,25.80172414
OAX,"Ixtepeji (S. Catarina I.), Oax.",SCIOX,-96.55,17.27,110.5,135.01,7.5,24.38709677,6.935483871000001,15.66129032
OAX,"Jacatepec, Oax.",JACOX,-96.2,17.87,446.7,678.51,159.0,26.93333333,17.05,21.99166667
OAX,"María Lombardo, Oax.",MAROX,-95.48,17.45,159.32,200.83,118.3,25.75,16.84615385,21.29807692
OAX,"Miguel de la Madrid Hurtado, Oax.",CDOOX,-96.26,18.0,489.3,401.51,203.7,27.36206897,16.72413793,22.04310345
OAX,"Oaxaca Centro, Oax.",OACOX,-96.73,17.07,168.3,112.4,0.7,28.29032258,11.61290323,19.951612899999997
OAX,"Observatorio de Aeropuerto Oaxaca, Oax.",OAOOX,-96.7,17.0,81.21,208.71,0.5,28.351612899999996,9.464516129,18.90806452
OAX,"Observatorio de Huajuapan de León, Oax.",HLOOX,-97.78,17.81,174.7,202.9,0.0,28.53225806,6.687096774,17.60967742
OAX,"Papaloapan, Oax.",PAPOX,-96.08,18.17,304.94,198.11,56.9,27.38461538,19.96153846,23.67307692
OAX,"Presidente Alemán, Oax.",TEMOX,-96.41,18.23,340.5,225.0,76.3,27.85185185,18.37037037,23.11111111
OAX,"Puerto Ángel, Oax.",PTAOX,-96.48,15.67,232.2,120.4,18.5,32.99354839,21.92580645,27.45967742
OAX,"Río Hondo, Oax.",RHOOX,-95.48,16.59,124.5,28.61,0.0,33.16129032,18.90322581,26.03225806
OAX,"Río Manso Lalana, Oax.",RMLOX,-95.92,17.73,254.0,221.2,150.2,28.03703704,17.62962963,22.83333333
OAX,"San Antonio Cuajimoloyas, Oax.",SMAOX,-96.45,17.12,133.42,136.93,3.7,15.25806452,2.677419355,8.967741935
OAX,"San Felipe Usila, Oax.",SFUOX,-96.53,17.88,541.0,269.0,338.0,25.0,15.37931034,20.18965517
OAX,"Valle Nacional, Oax.",VANOX,-96.3,17.78,469.82,409.22,235.4,27.38461538,17.11538462,22.25
OAX,"Zacatepec, Oax.",ZACOX,-95.93,17.15,309.75,181.14,159.3,20.35416667,13.04166667,16.69791667
PUE,"Acajete, Pue.",ACJPB,-97.93,19.06,203.71,180.9,0.0,23.90322581,3.806451613,13.85483871
PUE,"Ahuazontepec, Pue.",AHUPB,-98.15,20.03,151.6,161.0,21.3,18.14516129,1.403225806,9.774193548
PUE,"Alchichilca, Pue.",ACHPB,-97.42,19.45,102.25,64.45,12.7,19.76774194,0.435483871,10.1016129
PUE,"Apapantilla, Pue.",APAPB,-97.84,20.41,294.3,330.2,107.2,27.12903226,15.74193548,21.43548387
PUE,"Capulac, Pue.",CPLPB,-98.06,19.09,214.51,218.22,0.0,21.61290323,5.741935484,13.67741935
PUE,"Chietla, Pue.",CHIPB,-98.58,18.52,236.53,149.51,0.0,30.451612899999997,11.74193548,21.09677419
PUE,"Chignahuapan, Pue.",CNGPB,-98.05,19.74,185.0,180.13,36.5,17.59677419,1.838709677,9.717741935
PUE,"Chila de la Sal, Pue.",CHSPB,-98.57,18.11,263.6,218.0,0.0,33.22580645,6.161290322999999,19.69354839
PUE,"Cholula, Pue.",CHLPB,-98.32,19.07,219.4,233.7,10.1,25.29032258,5.35483871,15.32258065
PUE,"Ciudad Serdán, Pue.",CDSPB,-97.44,18.99,90.1,100.01,4.0,21.83870968,2.903225806,12.37096774
PUE,"Conagua, Pue.",CNAPB,-98.2,19.02,151.11,148.2,16.5,25.09677419,6.661290322999999,15.87903226
PUE,"Cuetzalan, Pue.",CTZPB,-97.52,20.03,428.32,202.54,326.5,21.0,10.64516129,15.82258065
PUE,"Echeverría, Pue.",ECHPB,-98.28,18.97,185.02,137.06,11.0,25.41935484,5.35483871,15.38709677
PUE,"Huaquechula, Pue.",HQCPB,-98.54,18.77,295.6,190.0,0.0,27.70967742,9.774193548,18.74193548
PUE,"Huauchinango, Pue.",HUAPB,-98.05,20.18,246.51,210.1,104.5,20.0,8.517241379,14.25862069
PUE,"Huejotzingo, Pue.",HJTPB,-98.46,19.1,219.73,127.74,8.2,22.0,4.193548387,13.09677419
PUE,"Izúcar de Matamoros, Pue.",IZMPB,-98.47,18.61,255.01,185.0,0.0,24.548387100000003,17.77419355,21.16129032
PUE,"Libres, Pue.",LIBPB,-97.69,19.46,218.52,123.01,14.0,23.29032258,3.935483871,13.61290323
PUE,"Manuel Ávila Camacho, Pue.",BDDPB,-98.11,18.91,137.92,183.92,12.5,22.0,3.322580645,12.66129032
PUE,"Mayorazgo 21 Poniente, Pue.",MAYPB,-98.23,19.01,154.72,210.97,11.7,24.25806452,5.435483871000001,14.84677419
PUE,"Observatorio de Puebla, Pue.",PUOPB,-98.17,19.05,225.4,180.3,5.2,23.57419355,5.993548387000001,14.78387097
PUE,"Oyameles, Pue.",OYAPB,-97.53,19.7,177.04,136.03,37.0,15.38709677,2.322580645,8.85483871
PUE,"Paso Carretas, Pue.",PCRPB,-97.25,18.92,127.5,170.5,18.5,19.548387100000003,3.258064516,11.40322581
PUE,"Piaxtla, Pue.",PIXPB,-98.26,18.2,214.61,179.75,0.0,32.77419355,9.935483871,21.35483871
PUE,"Quimixtlán, Pue.",QUIPB,-97.62,19.25,273.41,231.4,63.5,19.5,6.85,13.175
PUE,"Rancho Nuevo (Ayotoxco), Pue.",RNAPB,-97.4,20.12,180.5,95.51,196.0,23.86206897,16.0,19.93103448
PUE,"Tecamachalco, Pue.",TECPB,-97.75,18.88,116.7,174.3,5.7,23.22580645,4.64516129,13.93548387
PUE,"Tehuacán, Pue.",TEHPB,-97.4,18.48,158.02,166.02,0.0,23.83870968,6.322580645,15.08064516
PUE,"Teotlalco, Pue.",TELPB,-98.78,18.45,322.4,202.0,0.0,34.16129032,8.129032257999999,21.14516129
PUE,"Tepango de Rodríguez, Pue.",TDRPB,-97.79,20.0,257.5,276.7,203.5,22.58064516,5.483870968,14.03225806
PUE,"Tepeyahualco, Pue.",TPYPB,-97.49,19.49,140.0,100.04,17.0,23.09677419,2.032258065,12.56451613
PUE,"Tetela de Ocampo, Pue.",TEOPB,-97.81,19.83,125.01,187.0,39.8,19.43333333,5.533333333,12.48333333
PUE,"Teziutlán, Pue.",TEZPB,-97.36,19.82,168.05,207.51,94.5,21.57692308,6.538461538,14.05769231
PUE,"Tlacotepec de Díaz, Pue.",TLPPB,-96.85,18.4,404.02,320.0,116.0,25.44827586,15.34482759,20.39655172
PUE,"Venustiano Carranza, Pue.",VENPB,-97.68,20.51,217.31,79.2,132.3,25.12903226,6.322580645,15.72580645
PUE,"Zacapoaxtla, Pue.",ZCPPB,-97.58,19.86,155.41,162.7,81.4,17.0,6.7241379310000005,11.86206897
PUE,"Zaragoza, Pue.",ZRGPB,-97.83,20.18,183.0,179.0,79.0,19.80645161,5.032258065,12.41935484
PUE,"Zoquitlán, Pue.",ZOQPB,-97.01,18.33,244.01,320.0,50.0,21.51612903,6.838709677000001,14.17741935
QROO,"Cancún, Q. Roo.",CANQR,-86.82,21.16,240.71,24.2,75.5,30.21785714,21.125,25.67142857
QROO,"Chetumal, Q. Roo.",CHOQR,-88.33,18.5,221.72,136.64,52.0,30.01290323,18.29354839,24.15322581
QROO,"Cozumel, Q. Roo.",COZQR,-86.95,20.51,249.1,44.6,56.2,31.34482759,20.31034483,25.82758621
QROO,"Felipe Carrillo Puerto, Q. Roo.",FCRQR,-88.04,19.58,390.01,37.0,56.9,29.32,16.40333333,22.86166667
QROO,"Playa del Carmen, Q. Roo.",PDCQR,-87.08,20.63,145.1,49.6,106.0,29.36,18.16666667,23.76333333
SIN,"Andrew Weiss, Sin.",AWSSI,-107.47,25.03,182.6,6.51,15.0,29.64516129,9.661290323,19.65322581
SIN,"Bacurato (hidro) presa Gustavo Diaz Ordáz, Sin.",GD2SI,-107.91,25.86,111.01,5.03,19.0,29.35483871,11.32258065,20.33870968
SIN,"Culiacán, Sin.",CLCSI,-107.4,24.82,71.61,2.41,9.0,27.93548387,12.11290323,20.02419355
SIN,"El Sabinal (hidro), Sin.",GB2SI,-108.32,26.08,45.21,0.03,34.5,27.38709677,12.35483871,19.87096774
SIN,"Estación Rancho Viejo, Sin.",RAVSI,-107.76,25.12,14.01,0.03,21.0,30.12903226,10.4516129,20.29032258
SIN,"Guamúchil, Sin.",GMCSI,-108.09,25.47,36.51,3.0,36.6,29.32258065,12.16129032,20.74193548
SIN,"Guasave, Sin.",GSVSI,-108.47,25.72,47.8,0.0,10.2,27.72580645,11.67741935,19.701612899999997
SIN,"Ing. Aurelio Benassini Vizcaino, Sin.",SLTSI,-106.7,24.12,95.01,4.01,35.0,30.19354839,13.35483871,21.77419355
SIN,"Jaina, Sin.",JNASI,-108.01,25.9,60.04,1.04,21.5,28.90322581,9.35483871,19.12903226
SIN,"Josefa Ortiz de Domínguez, Sin.",JORSI,-108.7,26.43,32.0,0.0,0.0,28.14516129,11.79032258,19.96774194
SIN,"José López Portillo, Sin.",JLPSI,-106.81,24.57,172.01,27.0,9.5,29.16129032,12.91935484,21.04032258
SIN,"Las Tortugas, Sin.",TORSI,-105.85,23.09,93.7,7.2,26.0,32.83870968,12.32258065,22.58064516
SIN,"Los Mochis, Sin.",MCHSI,-109.0,25.8,48.3,0.5,0.0,26.16129032,12.72580645,19.44354839
SIN,"Mazatlán, Sin.",MZTSI,-106.4,23.23,16.17,0.42,38.5,27.68709677,16.49032258,22.08870968
SIN,"Miguel Hidalgo, Sin.",PMHSI,-108.58,26.51,77.7,0.0,0.0,28.19354839,8.629032257999999,18.41129032
SIN,"Observatorio de Culiacán, Sin.",OBSSI,-107.44,24.63,65.2,1.6,15.4,29.48709677,12.41290323,20.95
SIN,"San Francisco, Sin.",TBRSI,-107.97,26.94,118.0,11.3,10.4,30.06451613,7.641935483999999,18.85322581
SIN,"San Juan, Sin.",SJNSI,-107.84,25.49,68.13,8.12,21.0,30.17741935,10.43548387,20.30645161
SIN,"San Lorenzo, Sin.",SLRSI,-107.1,24.45,167.51,4.9,2.5,31.14516129,13.72580645,22.43548387
SIN,"Sanalona (hidro), Sin.",SN2SI,-107.16,24.81,110.13,1.81,12.0,31.451612899999997,7.451612902999999,19.451612899999997
SIN,"Siqueros, Sin.",SQRSI,-106.25,23.35,25.83,1.3,25.5,31.82258065,12.25806452,22.04032258
SLP,"Ballesmi, S.L.P.",BLMSL,-98.96,21.75,119.0,113.6,214.6,25.6,14.63571429,20.11785714
SLP,"El Pujal, S.L.P.",PUJSL,-98.94,21.85,143.4,129.2,133.6,26.17037037,14.42592593,20.29814815
SLP,"Gallinas, S.L.P.",GANSL,-99.24,21.91,131.6,194.8,88.0,25.68518519,13.19259259,19.43888889
SLP,"Micos, S.L.P.",MICSL,-99.16,22.12,189.2,280.3,45.4,23.67777778,14.25185185,18.96481481
SLP,"Requetemu, S.L.P.",RQTSL,-98.89,21.42,143.8,310.6,97.4,24.93214286,14.91785714,19.925
SLP,"San Vicente, S.L.P.",SVTSL,-98.62,21.69,94.4,99.4,81.6,24.81428571,14.96428571,19.88928571
SLP,"Tamuín, S.L.P.",TMISL,-98.77,22.0,198.2,91.6,80.2,26.63333333,15.21851852,20.92592593
SLP,"Temamatla, S.L.P.",TMTSL,-98.76,21.24,88.0,351.3,228.2,24.45,15.39285714,19.92142857
SLP,"Tierra Blanca, S.L.P.",TBLSL,-98.86,21.25,202.2,386.4,161.8,24.37241379,15.26206897,19.81724138
SON,"Adolfo Ruíz Cortínes, Son.",ARCSO,-109.11,27.23,38.1,0.0,0.0,25.5,10.9516129,18.22580645
SON,"Altar, Son.",ALTSO,-111.73,30.72,0.0,0.0,7.1,22.29032258,6.019354839,14.15483871
SON,"Arizpe, Son.",ARZSO,-110.17,30.34,18.01,0.0,6.5,18.38709677,0.323225806,9.35516129
SON,"Bacanuchi, Son.",BCNSO,-110.24,30.6,51.51,1.02,10.7,19.83870968,-0.35483871,9.741935483999999
SON,"Bacerac, Son.",BCRSO,-108.93,30.36,19.01,0.01,8.5,18.74193548,-0.580645161,9.080645161
SON,"Cananea, Son.",CNNSO,-110.29,30.98,31.15,6.11,13.0,19.21666667,3.333333333,11.275
SON,"Ciudad Obregón, Son.",COBSO,-109.94,27.5,97.6,0.01,0.0,27.0,8.951612903,17.97580645
SON,"El Cajón, Son.",CJNSO,-110.74,29.47,18.0,0.0,6.5,24.74333333,3.916666667,14.33
SON,"El Oregano, Son.",ORGSO,-110.71,29.23,12.42,0.01,9.2,26.548387100000003,7.64516129,17.09677419
SON,"Empalme, Son.",EPLSO,-110.8,27.95,54.0,0.0,0.0,24.93225806,10.36774194,17.65
SON,"Guaymas, Son.",GYMSO,-110.85,27.95,23.3,0.02,0.0,22.72580645,11.7516129,17.23870968
SON,"Ing. Rodolfo Félix Valdés, Son.",PMOSO,-110.73,29.21,18.23,0.01,2.0,25.3,7.05,16.175
SON,"Lázaro Cárdenas, Son.",LCDSO,-109.38,30.44,29.1,0.0,5.4,19.55,8.15,13.85
SON,"Nogales, Son.",NGLSO,-110.95,31.32,21.2,0.0,14.0,18.41034483,4.451724138,11.43103448
SON,"Observatorio de Hermosillo, Son.",HM2SO,-110.92,29.07,5.51,0.01,2.5,25.39677419,9.287096774,17.34193548
SON,"Santa Rosa 2, Son.",SRSSO,-111.45,30.39,4.51,0.0,21.2,19.16129032,4.032258065,11.59677419
SON,"Sonoyta, Son.",NYNSO,-112.85,31.87,4.6,0.0,10.4,19.451612899999997,3.548387097,11.5
SON,"Tesocoma, Son.",TSOSO,-109.21,27.66,148.5,2.5,3.5,27.048387100000003,5.709677419,16.37903226
SON,"Yécora, Son.",YCRSO,-108.93,28.37,92.22,0.02,7.0,21.24193548,-3.431612903,8.90516129
SON,"Álvaro Obregón, Son.",AOBSO,-109.89,27.82,75.0,0.01,0.0,26.48333333,12.53333333,19.50833333
TAB,"Boca del Cerro, Tab.",BDCTB,-91.48,17.43,125.6,407.8,26.9,28.75,19.0,23.875
TAB,"Cárdenas, Tab.",CARTB,-93.38,18.0,152.7,311.6,92.5,27.14285714,19.05357143,23.09821429
TAB,"El Porvenir, Tab.",EPOTB,-92.81,18.04,230.0,103.1,52.2,27.94642857,18.46428571,23.20535714
TAB,"González, Tab.",GONTB,-93.0,17.98,112.0,175.8,79.1,28.03703704,18.59259259,23.31481481
TAB,"Macuspana, Tab.",MACTB,-92.6,17.77,57.9,327.5,126.2,27.75,18.89583333,23.32291667
TAB,"Oxolotán, Tab.",OXOTB,-92.75,17.39,75.1,295.3,189.7,27.875,19.0625,23.46875
TAB,"Pueblo Nuevo, Tab.",PNVTB,-92.88,17.85,123.7,116.3,51.3,27.64814815,17.98148148,22.81481481
TAB,"Puyacatengo, Tab.",PUYTB,-92.94,17.57,141.4,440.7,144.4,28.17857143,18.51785714,23.34821429
TAB,"Samaria, Tab.",SAMTB,-93.28,18.0,118.6,153.9,54.8,27.14,17.82,22.48
TAB,"San Pedro, Tab.",SPTTB,-91.16,17.79,125.7,377.1,20.5,29.40322581,17.58064516,23.49193548
TAB,"Tapijulapa, Tab.",TAPTB,-92.82,17.47,80.2,257.93,121.7,28.01666667,18.68333333,23.35
TAB,"Teapa, Tab.",TEATB,-92.97,17.57,143.6,307.7,114.1,29.91666667,18.95,24.43333333
TAB,"Villahermosa Muelle, Tab.",EMUTB,-92.92,17.98,191.3,135.2,25.0,28.29583333,20.47083333,24.38333333
TLAX,"Cuapiaxtla, Tlax.",CUATL,-97.77,19.3,220.1,151.26,4.1,22.0,1.967741935,11.98387097
TLAX,"Zitlaltepec, Tlax.",ZITTL,-97.91,19.2,205.02,237.01,0.0,21.06666667,2.8,11.93333333
VER,"Acatlán, Ver.",ACAVC,-96.84,19.7,270.81,308.02,94.1,16.55172414,6.448275862000001,11.5
VER,"Actopan, Ver.",ACTVC,-96.59,19.5,138.61,94.41,71.2,27.32142857,19.25,23.28571429
VER,"Altotonga, Ver.",ALTVC,-97.23,19.76,85.35,403.31,113.8,16.20689655,4.896551724,10.55172414
VER,"Banderillas, Ver.",BANVC,-96.94,19.59,256.5,128.0,113.0,18.32258065,7.612903226,12.96774194
VER,"Briones, Ver.",BRIVC,-96.93,19.48,254.31,263.02,106.2,18.09333333,7.516666667000001,12.805
VER,"Cardel, Ver.",CRDVC,-96.37,19.36,96.45,146.52,32.9,28.11290323,17.58064516,22.84677419
VER,"Coatotolapan, Ver.",CTTVC,-95.3,18.14,74.22,96.85,36.4,26.41666667,16.46666667,21.44166667
VER,"El Higo, Ver.",HGOVC,-98.44,21.78,100.6,130.8,114.6,25.71071429,14.63571429,20.17321429
VER,"El Naranjillo, Ver.",ENRVC,-96.36,19.41,100.0,175.0,76.0,26.25,17.15,21.7
VER,"El Olivo, Ver.",OLVVC,-98.51,21.84,81.2,35.6,65.0,25.16428571,14.63928571,19.90178571
VER,"El Tejar, Ver.",ETEVC,-96.16,19.07,233.1,186.8,54.4,30.22580645,16.41935484,23.32258065
VER,"Huatusco, Ver.",HTSVC,-96.95,19.18,299.51,298.3,64.5,19.18965517,6.379310345,12.78448276
VER,"Jaltipán, Ver.",JALVC,-94.67,17.95,160.1,69.3,210.7,27.33333333,19.22222222,23.27777778
VER,"Jesús Carranza, Ver.",JCRVC,-95.03,17.43,70.0,102.85,79.0,26.64814815,17.36296296,22.00555556
VER,"La Joya, Ver.",JOYVC,-97.02,19.6,316.21,443.81,66.7,15.71428571,3.142857143,9.428571429
VER,"Las Perlas, Ver.",LPEVC,-94.92,17.42,74.8,133.4,66.5,27.03571429,16.53571429,21.78571429
VER,"Las Vigas de Ramírez, Ver.",LVRVC,-97.1,19.65,98.3,216.3,69.0,18.21666667,2.583333333,10.4
VER,"Lauchapan, Ver.",LAUVC,-95.35,18.25,58.42,215.9,91.3,25.80357143,15.69642857,20.75
VER,"Libertad, Ver.",LIBVC,-96.98,20.05,79.48,158.81,138.2,26.14583333,17.0625,21.60416667
VER,"Loma Grande, Ver.",LGRVC,-97.23,18.92,173.02,224.01,25.0,20.19354839,2.451612903,11.32258065
VER,"Manlio Fabio Altamirano, Ver.",MFAVC,-96.33,19.15,140.05,64.04,14.1,27.03793103,17.20689655,22.12241379
VER,"Minzapan, Ver.",MNZVC,-94.77,18.14,174.52,194.62,65.1,25.05555556,17.42592593,21.24074074
VER,"Naolinco, Ver.",NAOVC,-96.87,19.65,352.91,208.94,119.4,18.61111111,8.777777777999999,13.69444444
VER,"Observatorio de Xalapa, Ver.",XOBVC,-96.92,19.53,285.65,261.53,71.3,21.04642857,10.39285714,15.71964286
VER,"Orizaba, Ver.",ORZVC,-97.1,18.85,273.95,390.13,71.2,21.73333333,11.38888889,16.56111111
VER,"Otilpan, Ver.",OTIVC,-96.97,19.55,477.9,281.7,111.8,18.75,9.25,14.0
VER,"Platón Sánchez, Ver.",PSNVC,-98.34,21.29,104.62,154.2,168.0,25.59642857,14.82142857,20.20892857
VER,"Pánuco, Ver.",PNCVC,-98.17,22.05,94.2,169.6,90.8,25.54642857,15.48214286,20.51428571
VER,"San José del Carmen, Ver.",JDCVC,-94.09,17.87,14.0,178.5,55.7,26.56896552,16.05172414,21.31034483
VER,"San Juan Evangelista, Ver.",SJEVC,-95.13,17.88,105.55,160.7,76.5,27.68333333,18.68333333,23.18333333
VER,"Sontecomapan, Ver.",SONVC,-95.03,18.52,103.9,327.6,282.4,25.27777778,14.74074074,20.00925926
VER,"Tamarindo, Ver.",TAMVC,-96.49,19.34,269.03,83.0,130.0,25.76923077,19.46153846,22.61538462
VER,"Tapachapan, Ver.",TAPVC,-96.97,19.45,329.4,301.4,120.2,20.43478261,10.56521739,15.5
VER,"Tempoal, Ver.",TMPVC,-98.38,21.52,39.0,153.6,83.6,26.59642857,14.37857143,20.4875
VER,"Tierra Morada, Ver.",TMOVC,-94.16,17.57,33.0,102.1,119.0,26.42857143,18.05357143,22.24107143
VER,"Totutla, Ver.",TOTVC,-96.95,19.23,415.9,323.49,66.3,21.14814815,9.444444444,15.296296300000002
VER,"Tuxpan, Ver.",TXPVC,-97.4,20.96,77.34,159.82,47.4,24.35172414,16.5,20.42586207
VER,"Veracruz, Ver.",VERVC,-96.11,19.15,335.23,180.8,94.3,26.796296299999998,19.31481481,23.05555556
VER,"Villa Tejeda, Ver.",VTEVC,-96.61,19.02,134.2,119.0,6.0,26.74193548,16.19354839,21.46774194
VER,"Xalapa CFE, Ver.",XCFVC,-96.85,19.55,234.42,268.22,80.0,19.75925926,10.33333333,15.046296300000002
VER,"Álamo Temapache, Ver.",ALAVC,-97.68,20.93,81.01,82.01,58.3,23.36206897,15.32758621,19.34482759
VER,"Ídolos, Ver.",IDOVC,-96.55,19.4,131.91,64.6,31.5,27.81666667,17.96666667,22.89166667
YUC,"Abala, Yuc.",ABAYC,-89.68,20.65,128.0,272.0,20.5,27.38709677,11.62903226,19.50806452
YUC,"Cantamayec, Yuc.",CANYC,-89.08,20.46,132.5,54.0,12.5,29.0,16.43333333,22.71666667
YUC,"Centro de Investigación Científica, Yuc.",CICYC,-89.64,21.03,94.4,163.81,1.8,30.09677419,18.43548387,24.26612903
YUC,"Chocholá, Yuc.",CHOYC,-89.83,20.75,215.2,404.7,19.3,30.05,16.86666667,23.45833333
YUC,"El Cuyo, Yuc.",CYOYC,-87.68,21.51,155.5,23.21,29.9,28.56666667,19.86666667,24.21666667
YUC,"Emiliano Zapata, Yuc.",EZAYC,-89.58,20.98,133.91,258.0,2.5,28.8,18.03333333,23.41666667
YUC,"Fuerza Aérea, Yuc.",FAEYC,-89.64,20.94,97.42,190.22,8.9,30.69285714,18.33571429,24.51428571
YUC,"Mococha, Yuc.",MOCYC,-89.44,21.11,144.5,291.7,9.4,28.80645161,14.12903226,21.46774194
YUC,"Muna, Yuc.",MUNYC,-89.71,20.49,71.61,199.0,30.5,30.5,16.12068966,23.31034483
YUC,"Observatorio de Mérida, Yuc.",MEOYC,-89.65,20.95,107.71,284.01,10.0,29.94482759,18.113793100000002,24.02931034
YUC,"Organismo de Cuenca Península de Yucatán, Yuc.",GARYC,-89.66,20.98,104.82,225.83,9.9,28.26666667,16.43333333,22.35
YUC,"Oxkutzcab, Yuc.",OXKYC,-89.39,20.29,113.03,241.5,28.0,28.72580645,11.64516129,20.18548387
YUC,"Peto, Yuc.",PETYC,-88.93,20.13,246.05,117.04,28.0,30.38709677,14.0483871,22.21774194
YUC,"Progreso, Yuc.",PROYC,-89.65,21.28,119.52,132.5,13.9,28.13461538,18.82692308,23.48076923
YUC,"Ticul, Yuc.",TICYC,-89.56,20.4,103.3,211.71,14.5,28.63793103,15.12068966,21.87931034
YUC,"Tizimín, Yuc.",TIZYC,-88.17,21.16,198.3,186.11,5.2,27.95,15.56666667,21.75833333
YUC,"Valladolid, Yuc.",VALYC,-88.2,20.69,198.82,46.8,11.1,29.69333333,17.68666667,23.69
ZAC,"Achimec, Zac.",ACHZC,-103.23,22.33,106.8,87.32,29.2,24.20967742,2.741935484,13.47580645
ZAC,"Atolinga, Zac.",ATGZC,-103.46,21.81,204.1,58.5,8.5,17.09677419,1.0,9.048387097
ZAC,"El Cazadero, Zac.",ELCZC,-103.1,23.69,66.3,24.81,19.7,22.06451613,2.112903226,12.08870968
ZAC,"El Saladillo, Zac.",ELSZC,-102.04,22.67,213.32,57.53,17.9,22.12903226,-0.516129032,10.80645161
ZAC,"Gobernador Leobardo Reynoso, Zac.",LREZC,-103.22,23.18,62.42,23.6,24.7,21.38709677,1.5806451609999999,11.48387097
ZAC,"Guadalupe, Zac.",GPEZC,-102.51,22.75,142.61,80.2,43.3,20.77419355,5.167741935,12.97096774
ZAC,"Ing. Julián Adame Alatorre, Zac.",TAYZC,-102.86,22.12,155.1,61.11,38.5,24.80645161,3.8870967739999998,14.34677419
ZAC,"José María Morelos, Zac.",VILZC,-103.34,21.59,243.3,29.01,39.9,30.56451613,8.661290323,19.61290323
ZAC,"La Bufa, Zac.",LBUZC,-102.57,22.78,156.9,43.1,7.5,15.88709677,7.45483871,11.67096774
ZAC,"La Florida, Zac.",LFLZC,-103.6,22.69,129.53,20.0,49.5,25.29032258,-0.9032258059999999,12.19354839
ZAC,"Manuel Felgueres, Zac.",LOBZC,-103.38,22.85,131.5,27.5,44.0,22.90322581,0.306451613,11.60483871
ZAC,"Miguel Alemán, Zac.",EXCZC,-103.35,21.65,186.62,33.34,26.1,24.70967742,3.2903225810000003,14.0
ZAC,"Moraleños, Zac.",PMOZC,-102.9,21.71,209.61,83.01,41.2,27.09677419,7.2258064520000005,17.16129032
ZAC,"Nochistlán, Zac.",NCTZC,-102.85,21.36,194.81,40.02,46.2,24.17741935,2.806451613,13.49193548
ZAC,"Palomas, Zac.",PALZC,-102.8,22.35,167.01,78.6,24.9,21.62903226,2.177419355,11.90322581
ZAC,"Pino Suárez, Zac.",PINZC,-101.4,22.12,161.9,63.7,30.5,21.69354839,0.7419354840000001,11.21774194
ZAC,"Río Grande, Zac.",RGRZC,-103.03,23.82,152.72,25.74,14.1,21.93548387,1.338709677,11.63709677
ZAC,"Santa Rosa, Zac.",STRZC,-103.11,22.92,105.02,49.6,30.6,20.06451613,3.419354839,11.74193548
ZAC,"Santa Teresa (Independencia Nacional), Zac.",STEZC,-103.5,22.33,176.1,46.2,49.4,22.22580645,5.112903226,13.66935484
ZAC,"Santiago, Zac.",SGOZC,-103.51,24.29,78.0,53.12,26.9,16.38709677,3.758064516,10.07258065
ZAC,"Sombrerete, Zac.",SOMZC,-103.64,23.64,77.9,25.2,13.7,22.12903226,5.012903226000001,13.57096774
ZAC,"Villa Hidalgo, Zac.",VHGZC,-101.72,22.35,220.9,49.3,35.3,19.80645161,1.870967742,10.83870968
ZAC,"Zacatecas, Zac.",ZACZC,-102.58,22.76,236.0,44.32,34.1,19.87096774,7.693548387000001,13.78225806
